key,date,place_id,wikidata,datacommons,country_code,country_name,subregion1_code,subregion1_name,subregion2_code,subregion2_name,locality_code,locality_name,3166-1-alpha-2,3166-1-alpha-3,aggregation_level,new_confirmed,new_deceased,new_recovered,new_tested,total_confirmed,total_deceased,total_recovered,total_tested,new_hospitalized,total_hospitalized,current_hospitalized,new_intensive_care,total_intensive_care,current_intensive_care,new_ventilator,total_ventilator,current_ventilator,population,population_male,population_female,rural_population,urban_population,largest_city_population,clustered_population,population_density,human_development_index,population_age_00_09,population_age_10_19,population_age_20_29,population_age_30_39,population_age_40_49,population_age_50_59,population_age_60_69,population_age_70_79,population_age_80_89,population_age_90_99,population_age_80_and_older,gdp,gdp_per_capita,human_capital_index,open_street_maps,latitude,longitude,elevation,area,rural_area,urban_area,life_expectancy,smoking_prevalence,diabetes_prevalence,infant_mortality_rate,adult_male_mortality_rate,adult_female_mortality_rate,pollution_mortality_rate,comorbidity_mortality_rate,hospital_beds,nurses,physicians,health_expenditure,out_of_pocket_health_expenditure,mobility_retail_and_recreation,mobility_grocery_and_pharmacy,mobility_parks,mobility_transit_stations,mobility_workplaces,mobility_residential,school_closing,workplace_closing,cancel_public_events,restrictions_on_gatherings,public_transport_closing,stay_at_home_requirements,restrictions_on_internal_movement,international_travel_controls,income_support,debt_relief,fiscal_measures,international_support,public_information_campaigns,testing_policy,contact_tracing,emergency_investment_in_healthcare,investment_in_vaccines,facial_coverings,vaccination_policy,stringency_index,noaa_station,noaa_distance,average_temperature,minimum_temperature,maximum_temperature,rainfall,snowfall,dew_point,relative_humidity
AN,2020-01-01,,Q25227,country/ANT,AN,Netherlands Antilles,,,,,,,,,0,,,,,,,,,,,,,,,,,,197041,,,,,,,,,,,,,,,,,,,,,,,,15.0,-66.0,,800,,,,,,,,,,,,,,,,,,,,,,,,,,,,,,,,,,,,,,,,,,,,,,,,,,
AN,2020-01-02,,Q25227,country/ANT,AN,Netherlands Antilles,,,,,,,,,0,,,,,,,,,,,,,,,,,,197041,,,,,,,,,,,,,,,,,,,,,,,,15.0,-66.0,,800,,,,,,,,,,,,,,,,,,,,,,,,,,,,,,,,,,,,,,,,,,,,,,,,,,
AN,2020-01-03,,Q25227,country/ANT,AN,Netherlands Antilles,,,,,,,,,0,,,,,,,,,,,,,,,,,,197041,,,,,,,,,,,,,,,,,,,,,,,,15.0,-66.0,,800,,,,,,,,,,,,,,,,,,,,,,,,,,,,,,,,,,,,,,,,,,,,,,,,,,
AN,2020-01-04,,Q25227,country/ANT,AN,Netherlands Antilles,,,,,,,,,0,,,,,,,,,,,,,,,,,,197041,,,,,,,,,,,,,,,,,,,,,,,,15.0,-66.0,,800,,,,,,,,,,,,,,,,,,,,,,,,,,,,,,,,,,,,,,,,,,,,,,,,,,
AN,2020-01-05,,Q25227,country/ANT,AN,Netherlands Antilles,,,,,,,,,0,,,,,,,,,,,,,,,,,,197041,,,,,,,,,,,,,,,,,,,,,,,,15.0,-66.0,,800,,,,,,,,,,,,,,,,,,,,,,,,,,,,,,,,,,,,,,,,,,,,,,,,,,
AN,2020-01-06,,Q25227,country/ANT,AN,Netherlands Antilles,,,,,,,,,0,,,,,,,,,,,,,,,,,,197041,,,,,,,,,,,,,,,,,,,,,,,,15.0,-66.0,,800,,,,,,,,,,,,,,,,,,,,,,,,,,,,,,,,,,,,,,,,,,,,,,,,,,
AN,2020-01-07,,Q25227,country/ANT,AN,Netherlands Antilles,,,,,,,,,0,,,,,,,,,,,,,,,,,,197041,,,,,,,,,,,,,,,,,,,,,,,,15.0,-66.0,,800,,,,,,,,,,,,,,,,,,,,,,,,,,,,,,,,,,,,,,,,,,,,,,,,,,
AN,2020-01-08,,Q25227,country/ANT,AN,Netherlands Antilles,,,,,,,,,0,,,,,,,,,,,,,,,,,,197041,,,,,,,,,,,,,,,,,,,,,,,,15.0,-66.0,,800,,,,,,,,,,,,,,,,,,,,,,,,,,,,,,,,,,,,,,,,,,,,,,,,,,
AN,2020-01-09,,Q25227,country/ANT,AN,Netherlands Antilles,,,,,,,,,0,,,,,,,,,,,,,,,,,,197041,,,,,,,,,,,,,,,,,,,,,,,,15.0,-66.0,,800,,,,,,,,,,,,,,,,,,,,,,,,,,,,,,,,,,,,,,,,,,,,,,,,,,
AN,2020-01-10,,Q25227,country/ANT,AN,Netherlands Antilles,,,,,,,,,0,,,,,,,,,,,,,,,,,,197041,,,,,,,,,,,,,,,,,,,,,,,,15.0,-66.0,,800,,,,,,,,,,,,,,,,,,,,,,,,,,,,,,,,,,,,,,,,,,,,,,,,,,
AN,2020-01-11,,Q25227,country/ANT,AN,Netherlands Antilles,,,,,,,,,0,,,,,,,,,,,,,,,,,,197041,,,,,,,,,,,,,,,,,,,,,,,,15.0,-66.0,,800,,,,,,,,,,,,,,,,,,,,,,,,,,,,,,,,,,,,,,,,,,,,,,,,,,
AN,2020-01-12,,Q25227,country/ANT,AN,Netherlands Antilles,,,,,,,,,0,,,,,,,,,,,,,,,,,,197041,,,,,,,,,,,,,,,,,,,,,,,,15.0,-66.0,,800,,,,,,,,,,,,,,,,,,,,,,,,,,,,,,,,,,,,,,,,,,,,,,,,,,
AN,2020-01-13,,Q25227,country/ANT,AN,Netherlands Antilles,,,,,,,,,0,,,,,,,,,,,,,,,,,,197041,,,,,,,,,,,,,,,,,,,,,,,,15.0,-66.0,,800,,,,,,,,,,,,,,,,,,,,,,,,,,,,,,,,,,,,,,,,,,,,,,,,,,
AN,2020-01-14,,Q25227,country/ANT,AN,Netherlands Antilles,,,,,,,,,0,,,,,,,,,,,,,,,,,,197041,,,,,,,,,,,,,,,,,,,,,,,,15.0,-66.0,,800,,,,,,,,,,,,,,,,,,,,,,,,,,,,,,,,,,,,,,,,,,,,,,,,,,
AN,2020-01-15,,Q25227,country/ANT,AN,Netherlands Antilles,,,,,,,,,0,,,,,,,,,,,,,,,,,,197041,,,,,,,,,,,,,,,,,,,,,,,,15.0,-66.0,,800,,,,,,,,,,,,,,,,,,,,,,,,,,,,,,,,,,,,,,,,,,,,,,,,,,
AN,2020-01-16,,Q25227,country/ANT,AN,Netherlands Antilles,,,,,,,,,0,,,,,,,,,,,,,,,,,,197041,,,,,,,,,,,,,,,,,,,,,,,,15.0,-66.0,,800,,,,,,,,,,,,,,,,,,,,,,,,,,,,,,,,,,,,,,,,,,,,,,,,,,
AN,2020-01-17,,Q25227,country/ANT,AN,Netherlands Antilles,,,,,,,,,0,,,,,,,,,,,,,,,,,,197041,,,,,,,,,,,,,,,,,,,,,,,,15.0,-66.0,,800,,,,,,,,,,,,,,,,,,,,,,,,,,,,,,,,,,,,,,,,,,,,,,,,,,
AN,2020-01-18,,Q25227,country/ANT,AN,Netherlands Antilles,,,,,,,,,0,,,,,,,,,,,,,,,,,,197041,,,,,,,,,,,,,,,,,,,,,,,,15.0,-66.0,,800,,,,,,,,,,,,,,,,,,,,,,,,,,,,,,,,,,,,,,,,,,,,,,,,,,
AN,2020-01-19,,Q25227,country/ANT,AN,Netherlands Antilles,,,,,,,,,0,,,,,,,,,,,,,,,,,,197041,,,,,,,,,,,,,,,,,,,,,,,,15.0,-66.0,,800,,,,,,,,,,,,,,,,,,,,,,,,,,,,,,,,,,,,,,,,,,,,,,,,,,
AN,2020-01-20,,Q25227,country/ANT,AN,Netherlands Antilles,,,,,,,,,0,,,,,,,,,,,,,,,,,,197041,,,,,,,,,,,,,,,,,,,,,,,,15.0,-66.0,,800,,,,,,,,,,,,,,,,,,,,,,,,,,,,,,,,,,,,,,,,,,,,,,,,,,
AN,2020-01-21,,Q25227,country/ANT,AN,Netherlands Antilles,,,,,,,,,0,,,,,,,,,,,,,,,,,,197041,,,,,,,,,,,,,,,,,,,,,,,,15.0,-66.0,,800,,,,,,,,,,,,,,,,,,,,,,,,,,,,,,,,,,,,,,,,,,,,,,,,,,
AN,2020-01-22,,Q25227,country/ANT,AN,Netherlands Antilles,,,,,,,,,0,,,,,,,,,,,,,,,,,,197041,,,,,,,,,,,,,,,,,,,,,,,,15.0,-66.0,,800,,,,,,,,,,,,,,,,,,,,,,,,,,,,,,,,,,,,,,,,,,,,,,,,,,
AN,2020-01-23,,Q25227,country/ANT,AN,Netherlands Antilles,,,,,,,,,0,,,,,,,,,,,,,,,,,,197041,,,,,,,,,,,,,,,,,,,,,,,,15.0,-66.0,,800,,,,,,,,,,,,,,,,,,,,,,,,,,,,,,,,,,,,,,,,,,,,,,,,,,
AN,2020-01-24,,Q25227,country/ANT,AN,Netherlands Antilles,,,,,,,,,0,,,,,,,,,,,,,,,,,,197041,,,,,,,,,,,,,,,,,,,,,,,,15.0,-66.0,,800,,,,,,,,,,,,,,,,,,,,,,,,,,,,,,,,,,,,,,,,,,,,,,,,,,
AN,2020-01-25,,Q25227,country/ANT,AN,Netherlands Antilles,,,,,,,,,0,,,,,,,,,,,,,,,,,,197041,,,,,,,,,,,,,,,,,,,,,,,,15.0,-66.0,,800,,,,,,,,,,,,,,,,,,,,,,,,,,,,,,,,,,,,,,,,,,,,,,,,,,
AN,2020-01-26,,Q25227,country/ANT,AN,Netherlands Antilles,,,,,,,,,0,,,,,,,,,,,,,,,,,,197041,,,,,,,,,,,,,,,,,,,,,,,,15.0,-66.0,,800,,,,,,,,,,,,,,,,,,,,,,,,,,,,,,,,,,,,,,,,,,,,,,,,,,
AN,2020-01-27,,Q25227,country/ANT,AN,Netherlands Antilles,,,,,,,,,0,,,,,,,,,,,,,,,,,,197041,,,,,,,,,,,,,,,,,,,,,,,,15.0,-66.0,,800,,,,,,,,,,,,,,,,,,,,,,,,,,,,,,,,,,,,,,,,,,,,,,,,,,
AN,2020-01-28,,Q25227,country/ANT,AN,Netherlands Antilles,,,,,,,,,0,,,,,,,,,,,,,,,,,,197041,,,,,,,,,,,,,,,,,,,,,,,,15.0,-66.0,,800,,,,,,,,,,,,,,,,,,,,,,,,,,,,,,,,,,,,,,,,,,,,,,,,,,
AN,2020-01-29,,Q25227,country/ANT,AN,Netherlands Antilles,,,,,,,,,0,,,,,,,,,,,,,,,,,,197041,,,,,,,,,,,,,,,,,,,,,,,,15.0,-66.0,,800,,,,,,,,,,,,,,,,,,,,,,,,,,,,,,,,,,,,,,,,,,,,,,,,,,
AN,2020-01-30,,Q25227,country/ANT,AN,Netherlands Antilles,,,,,,,,,0,,,,,,,,,,,,,,,,,,197041,,,,,,,,,,,,,,,,,,,,,,,,15.0,-66.0,,800,,,,,,,,,,,,,,,,,,,,,,,,,,,,,,,,,,,,,,,,,,,,,,,,,,
AN,2020-01-31,,Q25227,country/ANT,AN,Netherlands Antilles,,,,,,,,,0,,,,,,,,,,,,,,,,,,197041,,,,,,,,,,,,,,,,,,,,,,,,15.0,-66.0,,800,,,,,,,,,,,,,,,,,,,,,,,,,,,,,,,,,,,,,,,,,,,,,,,,,,
AN,2020-02-01,,Q25227,country/ANT,AN,Netherlands Antilles,,,,,,,,,0,,,,,,,,,,,,,,,,,,197041,,,,,,,,,,,,,,,,,,,,,,,,15.0,-66.0,,800,,,,,,,,,,,,,,,,,,,,,,,,,,,,,,,,,,,,,,,,,,,,,,,,,,
AN,2020-02-02,,Q25227,country/ANT,AN,Netherlands Antilles,,,,,,,,,0,,,,,,,,,,,,,,,,,,197041,,,,,,,,,,,,,,,,,,,,,,,,15.0,-66.0,,800,,,,,,,,,,,,,,,,,,,,,,,,,,,,,,,,,,,,,,,,,,,,,,,,,,
AN,2020-02-03,,Q25227,country/ANT,AN,Netherlands Antilles,,,,,,,,,0,,,,,,,,,,,,,,,,,,197041,,,,,,,,,,,,,,,,,,,,,,,,15.0,-66.0,,800,,,,,,,,,,,,,,,,,,,,,,,,,,,,,,,,,,,,,,,,,,,,,,,,,,
AN,2020-02-04,,Q25227,country/ANT,AN,Netherlands Antilles,,,,,,,,,0,,,,,,,,,,,,,,,,,,197041,,,,,,,,,,,,,,,,,,,,,,,,15.0,-66.0,,800,,,,,,,,,,,,,,,,,,,,,,,,,,,,,,,,,,,,,,,,,,,,,,,,,,
AN,2020-02-05,,Q25227,country/ANT,AN,Netherlands Antilles,,,,,,,,,0,,,,,,,,,,,,,,,,,,197041,,,,,,,,,,,,,,,,,,,,,,,,15.0,-66.0,,800,,,,,,,,,,,,,,,,,,,,,,,,,,,,,,,,,,,,,,,,,,,,,,,,,,
AN,2020-02-06,,Q25227,country/ANT,AN,Netherlands Antilles,,,,,,,,,0,,,,,,,,,,,,,,,,,,197041,,,,,,,,,,,,,,,,,,,,,,,,15.0,-66.0,,800,,,,,,,,,,,,,,,,,,,,,,,,,,,,,,,,,,,,,,,,,,,,,,,,,,
AN,2020-02-07,,Q25227,country/ANT,AN,Netherlands Antilles,,,,,,,,,0,,,,,,,,,,,,,,,,,,197041,,,,,,,,,,,,,,,,,,,,,,,,15.0,-66.0,,800,,,,,,,,,,,,,,,,,,,,,,,,,,,,,,,,,,,,,,,,,,,,,,,,,,
AN,2020-02-08,,Q25227,country/ANT,AN,Netherlands Antilles,,,,,,,,,0,,,,,,,,,,,,,,,,,,197041,,,,,,,,,,,,,,,,,,,,,,,,15.0,-66.0,,800,,,,,,,,,,,,,,,,,,,,,,,,,,,,,,,,,,,,,,,,,,,,,,,,,,
AN,2020-02-09,,Q25227,country/ANT,AN,Netherlands Antilles,,,,,,,,,0,,,,,,,,,,,,,,,,,,197041,,,,,,,,,,,,,,,,,,,,,,,,15.0,-66.0,,800,,,,,,,,,,,,,,,,,,,,,,,,,,,,,,,,,,,,,,,,,,,,,,,,,,
AN,2020-02-10,,Q25227,country/ANT,AN,Netherlands Antilles,,,,,,,,,0,,,,,,,,,,,,,,,,,,197041,,,,,,,,,,,,,,,,,,,,,,,,15.0,-66.0,,800,,,,,,,,,,,,,,,,,,,,,,,,,,,,,,,,,,,,,,,,,,,,,,,,,,
AN,2020-02-11,,Q25227,country/ANT,AN,Netherlands Antilles,,,,,,,,,0,,,,,,,,,,,,,,,,,,197041,,,,,,,,,,,,,,,,,,,,,,,,15.0,-66.0,,800,,,,,,,,,,,,,,,,,,,,,,,,,,,,,,,,,,,,,,,,,,,,,,,,,,
AN,2020-02-12,,Q25227,country/ANT,AN,Netherlands Antilles,,,,,,,,,0,,,,,,,,,,,,,,,,,,197041,,,,,,,,,,,,,,,,,,,,,,,,15.0,-66.0,,800,,,,,,,,,,,,,,,,,,,,,,,,,,,,,,,,,,,,,,,,,,,,,,,,,,
AN,2020-02-13,,Q25227,country/ANT,AN,Netherlands Antilles,,,,,,,,,0,,,,,,,,,,,,,,,,,,197041,,,,,,,,,,,,,,,,,,,,,,,,15.0,-66.0,,800,,,,,,,,,,,,,,,,,,,,,,,,,,,,,,,,,,,,,,,,,,,,,,,,,,
AN,2020-02-14,,Q25227,country/ANT,AN,Netherlands Antilles,,,,,,,,,0,,,,,,,,,,,,,,,,,,197041,,,,,,,,,,,,,,,,,,,,,,,,15.0,-66.0,,800,,,,,,,,,,,,,,,,,,,,,,,,,,,,,,,,,,,,,,,,,,,,,,,,,,
AN,2020-02-15,,Q25227,country/ANT,AN,Netherlands Antilles,,,,,,,,,0,,,,,,,,,,,,,,,,,,197041,,,,,,,,,,,,,,,,,,,,,,,,15.0,-66.0,,800,,,,,,,,,,,,,,,,,,,,,,,,,,,,,,,,,,,,,,,,,,,,,,,,,,
AN,2020-02-16,,Q25227,country/ANT,AN,Netherlands Antilles,,,,,,,,,0,,,,,,,,,,,,,,,,,,197041,,,,,,,,,,,,,,,,,,,,,,,,15.0,-66.0,,800,,,,,,,,,,,,,,,,,,,,,,,,,,,,,,,,,,,,,,,,,,,,,,,,,,
AN,2020-02-17,,Q25227,country/ANT,AN,Netherlands Antilles,,,,,,,,,0,,,,,,,,,,,,,,,,,,197041,,,,,,,,,,,,,,,,,,,,,,,,15.0,-66.0,,800,,,,,,,,,,,,,,,,,,,,,,,,,,,,,,,,,,,,,,,,,,,,,,,,,,
AN,2020-02-18,,Q25227,country/ANT,AN,Netherlands Antilles,,,,,,,,,0,,,,,,,,,,,,,,,,,,197041,,,,,,,,,,,,,,,,,,,,,,,,15.0,-66.0,,800,,,,,,,,,,,,,,,,,,,,,,,,,,,,,,,,,,,,,,,,,,,,,,,,,,
AN,2020-02-19,,Q25227,country/ANT,AN,Netherlands Antilles,,,,,,,,,0,,,,,,,,,,,,,,,,,,197041,,,,,,,,,,,,,,,,,,,,,,,,15.0,-66.0,,800,,,,,,,,,,,,,,,,,,,,,,,,,,,,,,,,,,,,,,,,,,,,,,,,,,
AN,2020-02-20,,Q25227,country/ANT,AN,Netherlands Antilles,,,,,,,,,0,,,,,,,,,,,,,,,,,,197041,,,,,,,,,,,,,,,,,,,,,,,,15.0,-66.0,,800,,,,,,,,,,,,,,,,,,,,,,,,,,,,,,,,,,,,,,,,,,,,,,,,,,
AN,2020-02-21,,Q25227,country/ANT,AN,Netherlands Antilles,,,,,,,,,0,,,,,,,,,,,,,,,,,,197041,,,,,,,,,,,,,,,,,,,,,,,,15.0,-66.0,,800,,,,,,,,,,,,,,,,,,,,,,,,,,,,,,,,,,,,,,,,,,,,,,,,,,
AN,2020-02-22,,Q25227,country/ANT,AN,Netherlands Antilles,,,,,,,,,0,,,,,,,,,,,,,,,,,,197041,,,,,,,,,,,,,,,,,,,,,,,,15.0,-66.0,,800,,,,,,,,,,,,,,,,,,,,,,,,,,,,,,,,,,,,,,,,,,,,,,,,,,
AN,2020-02-23,,Q25227,country/ANT,AN,Netherlands Antilles,,,,,,,,,0,,,,,,,,,,,,,,,,,,197041,,,,,,,,,,,,,,,,,,,,,,,,15.0,-66.0,,800,,,,,,,,,,,,,,,,,,,,,,,,,,,,,,,,,,,,,,,,,,,,,,,,,,
AN,2020-02-24,,Q25227,country/ANT,AN,Netherlands Antilles,,,,,,,,,0,,,,,,,,,,,,,,,,,,197041,,,,,,,,,,,,,,,,,,,,,,,,15.0,-66.0,,800,,,,,,,,,,,,,,,,,,,,,,,,,,,,,,,,,,,,,,,,,,,,,,,,,,
AN,2020-02-25,,Q25227,country/ANT,AN,Netherlands Antilles,,,,,,,,,0,,,,,,,,,,,,,,,,,,197041,,,,,,,,,,,,,,,,,,,,,,,,15.0,-66.0,,800,,,,,,,,,,,,,,,,,,,,,,,,,,,,,,,,,,,,,,,,,,,,,,,,,,
AN,2020-02-26,,Q25227,country/ANT,AN,Netherlands Antilles,,,,,,,,,0,,,,,,,,,,,,,,,,,,197041,,,,,,,,,,,,,,,,,,,,,,,,15.0,-66.0,,800,,,,,,,,,,,,,,,,,,,,,,,,,,,,,,,,,,,,,,,,,,,,,,,,,,
AN,2020-02-27,,Q25227,country/ANT,AN,Netherlands Antilles,,,,,,,,,0,,,,,,,,,,,,,,,,,,197041,,,,,,,,,,,,,,,,,,,,,,,,15.0,-66.0,,800,,,,,,,,,,,,,,,,,,,,,,,,,,,,,,,,,,,,,,,,,,,,,,,,,,
AN,2020-02-28,,Q25227,country/ANT,AN,Netherlands Antilles,,,,,,,,,0,,,,,,,,,,,,,,,,,,197041,,,,,,,,,,,,,,,,,,,,,,,,15.0,-66.0,,800,,,,,,,,,,,,,,,,,,,,,,,,,,,,,,,,,,,,,,,,,,,,,,,,,,
AN,2020-02-29,,Q25227,country/ANT,AN,Netherlands Antilles,,,,,,,,,0,,,,,,,,,,,,,,,,,,197041,,,,,,,,,,,,,,,,,,,,,,,,15.0,-66.0,,800,,,,,,,,,,,,,,,,,,,,,,,,,,,,,,,,,,,,,,,,,,,,,,,,,,
AN,2020-03-01,,Q25227,country/ANT,AN,Netherlands Antilles,,,,,,,,,0,,,,,,,,,,,,,,,,,,197041,,,,,,,,,,,,,,,,,,,,,,,,15.0,-66.0,,800,,,,,,,,,,,,,,,,,,,,,,,,,,,,,,,,,,,,,,,,,,,,,,,,,,
AN,2020-03-02,,Q25227,country/ANT,AN,Netherlands Antilles,,,,,,,,,0,,,,,,,,,,,,,,,,,,197041,,,,,,,,,,,,,,,,,,,,,,,,15.0,-66.0,,800,,,,,,,,,,,,,,,,,,,,,,,,,,,,,,,,,,,,,,,,,,,,,,,,,,
AN,2020-03-03,,Q25227,country/ANT,AN,Netherlands Antilles,,,,,,,,,0,,,,,,,,,,,,,,,,,,197041,,,,,,,,,,,,,,,,,,,,,,,,15.0,-66.0,,800,,,,,,,,,,,,,,,,,,,,,,,,,,,,,,,,,,,,,,,,,,,,,,,,,,
AN,2020-03-04,,Q25227,country/ANT,AN,Netherlands Antilles,,,,,,,,,0,,,,,,,,,,,,,,,,,,197041,,,,,,,,,,,,,,,,,,,,,,,,15.0,-66.0,,800,,,,,,,,,,,,,,,,,,,,,,,,,,,,,,,,,,,,,,,,,,,,,,,,,,
AN,2020-03-05,,Q25227,country/ANT,AN,Netherlands Antilles,,,,,,,,,0,,,,,,,,,,,,,,,,,,197041,,,,,,,,,,,,,,,,,,,,,,,,15.0,-66.0,,800,,,,,,,,,,,,,,,,,,,,,,,,,,,,,,,,,,,,,,,,,,,,,,,,,,
AN,2020-03-06,,Q25227,country/ANT,AN,Netherlands Antilles,,,,,,,,,0,,,,,,,,,,,,,,,,,,197041,,,,,,,,,,,,,,,,,,,,,,,,15.0,-66.0,,800,,,,,,,,,,,,,,,,,,,,,,,,,,,,,,,,,,,,,,,,,,,,,,,,,,
AN,2020-03-07,,Q25227,country/ANT,AN,Netherlands Antilles,,,,,,,,,0,,,,,,,,,,,,,,,,,,197041,,,,,,,,,,,,,,,,,,,,,,,,15.0,-66.0,,800,,,,,,,,,,,,,,,,,,,,,,,,,,,,,,,,,,,,,,,,,,,,,,,,,,
AN,2020-03-08,,Q25227,country/ANT,AN,Netherlands Antilles,,,,,,,,,0,,,,,,,,,,,,,,,,,,197041,,,,,,,,,,,,,,,,,,,,,,,,15.0,-66.0,,800,,,,,,,,,,,,,,,,,,,,,,,,,,,,,,,,,,,,,,,,,,,,,,,,,,
AN,2020-03-09,,Q25227,country/ANT,AN,Netherlands Antilles,,,,,,,,,0,,,,,,,,,,,,,,,,,,197041,,,,,,,,,,,,,,,,,,,,,,,,15.0,-66.0,,800,,,,,,,,,,,,,,,,,,,,,,,,,,,,,,,,,,,,,,,,,,,,,,,,,,
AN,2020-03-10,,Q25227,country/ANT,AN,Netherlands Antilles,,,,,,,,,0,,,,,,,,,,,,,,,,,,197041,,,,,,,,,,,,,,,,,,,,,,,,15.0,-66.0,,800,,,,,,,,,,,,,,,,,,,,,,,,,,,,,,,,,,,,,,,,,,,,,,,,,,
AN,2020-03-11,,Q25227,country/ANT,AN,Netherlands Antilles,,,,,,,,,0,,,,,,,,,,,,,,,,,,197041,,,,,,,,,,,,,,,,,,,,,,,,15.0,-66.0,,800,,,,,,,,,,,,,,,,,,,,,,,,,,,,,,,,,,,,,,,,,,,,,,,,,,
AN,2020-03-12,,Q25227,country/ANT,AN,Netherlands Antilles,,,,,,,,,0,,,,,,,,,,,,,,,,,,197041,,,,,,,,,,,,,,,,,,,,,,,,15.0,-66.0,,800,,,,,,,,,,,,,,,,,,,,,,,,,,,,,,,,,,,,,,,,,,,,,,,,,,
AN,2020-03-13,,Q25227,country/ANT,AN,Netherlands Antilles,,,,,,,,,0,,,,,,,,,,,,,,,,,,197041,,,,,,,,,,,,,,,,,,,,,,,,15.0,-66.0,,800,,,,,,,,,,,,,,,,,,,,,,,,,,,,,,,,,,,,,,,,,,,,,,,,,,
AN,2020-03-14,,Q25227,country/ANT,AN,Netherlands Antilles,,,,,,,,,0,,,,,,,,,,,,,,,,,,197041,,,,,,,,,,,,,,,,,,,,,,,,15.0,-66.0,,800,,,,,,,,,,,,,,,,,,,,,,,,,,,,,,,,,,,,,,,,,,,,,,,,,,
AN,2020-03-15,,Q25227,country/ANT,AN,Netherlands Antilles,,,,,,,,,0,,,,,,,,,,,,,,,,,,197041,,,,,,,,,,,,,,,,,,,,,,,,15.0,-66.0,,800,,,,,,,,,,,,,,,,,,,,,,,,,,,,,,,,,,,,,,,,,,,,,,,,,,
AN,2020-03-16,,Q25227,country/ANT,AN,Netherlands Antilles,,,,,,,,,0,,,,,,,,,,,,,,,,,,197041,,,,,,,,,,,,,,,,,,,,,,,,15.0,-66.0,,800,,,,,,,,,,,,,,,,,,,,,,,,,,,,,,,,,,,,,,,,,,,,,,,,,,
AN,2020-03-17,,Q25227,country/ANT,AN,Netherlands Antilles,,,,,,,,,0,,,,,,,,,,,,,,,,,,197041,,,,,,,,,,,,,,,,,,,,,,,,15.0,-66.0,,800,,,,,,,,,,,,,,,,,,,,,,,,,,,,,,,,,,,,,,,,,,,,,,,,,,
AN,2020-03-18,,Q25227,country/ANT,AN,Netherlands Antilles,,,,,,,,,0,,,,,,,,,,,,,,,,,,197041,,,,,,,,,,,,,,,,,,,,,,,,15.0,-66.0,,800,,,,,,,,,,,,,,,,,,,,,,,,,,,,,,,,,,,,,,,,,,,,,,,,,,
AN,2020-03-19,,Q25227,country/ANT,AN,Netherlands Antilles,,,,,,,,,0,,,,,,,,,,,,,,,,,,197041,,,,,,,,,,,,,,,,,,,,,,,,15.0,-66.0,,800,,,,,,,,,,,,,,,,,,,,,,,,,,,,,,,,,,,,,,,,,,,,,,,,,,
AN,2020-03-20,,Q25227,country/ANT,AN,Netherlands Antilles,,,,,,,,,0,,,,,,,,,,,,,,,,,,197041,,,,,,,,,,,,,,,,,,,,,,,,15.0,-66.0,,800,,,,,,,,,,,,,,,,,,,,,,,,,,,,,,,,,,,,,,,,,,,,,,,,,,
AN,2020-03-21,,Q25227,country/ANT,AN,Netherlands Antilles,,,,,,,,,0,,,,,,,,,,,,,,,,,,197041,,,,,,,,,,,,,,,,,,,,,,,,15.0,-66.0,,800,,,,,,,,,,,,,,,,,,,,,,,,,,,,,,,,,,,,,,,,,,,,,,,,,,
AN,2020-03-22,,Q25227,country/ANT,AN,Netherlands Antilles,,,,,,,,,0,,,,,,,,,,,,,,,,,,197041,,,,,,,,,,,,,,,,,,,,,,,,15.0,-66.0,,800,,,,,,,,,,,,,,,,,,,,,,,,,,,,,,,,,,,,,,,,,,,,,,,,,,
AN,2020-03-23,,Q25227,country/ANT,AN,Netherlands Antilles,,,,,,,,,0,,,,,,,,,,,,,,,,,,197041,,,,,,,,,,,,,,,,,,,,,,,,15.0,-66.0,,800,,,,,,,,,,,,,,,,,,,,,,,,,,,,,,,,,,,,,,,,,,,,,,,,,,
AN,2020-03-24,,Q25227,country/ANT,AN,Netherlands Antilles,,,,,,,,,0,,,,,,,,,,,,,,,,,,197041,,,,,,,,,,,,,,,,,,,,,,,,15.0,-66.0,,800,,,,,,,,,,,,,,,,,,,,,,,,,,,,,,,,,,,,,,,,,,,,,,,,,,
AN,2020-03-25,,Q25227,country/ANT,AN,Netherlands Antilles,,,,,,,,,0,,,,,,,,,,,,,,,,,,197041,,,,,,,,,,,,,,,,,,,,,,,,15.0,-66.0,,800,,,,,,,,,,,,,,,,,,,,,,,,,,,,,,,,,,,,,,,,,,,,,,,,,,
AN,2020-03-26,,Q25227,country/ANT,AN,Netherlands Antilles,,,,,,,,,0,,,,,,,,,,,,,,,,,,197041,,,,,,,,,,,,,,,,,,,,,,,,15.0,-66.0,,800,,,,,,,,,,,,,,,,,,,,,,,,,,,,,,,,,,,,,,,,,,,,,,,,,,
AN,2020-03-27,,Q25227,country/ANT,AN,Netherlands Antilles,,,,,,,,,0,,,,,,,,,,,,,,,,,,197041,,,,,,,,,,,,,,,,,,,,,,,,15.0,-66.0,,800,,,,,,,,,,,,,,,,,,,,,,,,,,,,,,,,,,,,,,,,,,,,,,,,,,
AN,2020-03-28,,Q25227,country/ANT,AN,Netherlands Antilles,,,,,,,,,0,,,,,,,,,,,,,,,,,,197041,,,,,,,,,,,,,,,,,,,,,,,,15.0,-66.0,,800,,,,,,,,,,,,,,,,,,,,,,,,,,,,,,,,,,,,,,,,,,,,,,,,,,
AN,2020-03-29,,Q25227,country/ANT,AN,Netherlands Antilles,,,,,,,,,0,,,,,,,,,,,,,,,,,,197041,,,,,,,,,,,,,,,,,,,,,,,,15.0,-66.0,,800,,,,,,,,,,,,,,,,,,,,,,,,,,,,,,,,,,,,,,,,,,,,,,,,,,
AN,2020-03-30,,Q25227,country/ANT,AN,Netherlands Antilles,,,,,,,,,0,,,,,,,,,,,,,,,,,,197041,,,,,,,,,,,,,,,,,,,,,,,,15.0,-66.0,,800,,,,,,,,,,,,,,,,,,,,,,,,,,,,,,,,,,,,,,,,,,,,,,,,,,
AN,2020-03-31,,Q25227,country/ANT,AN,Netherlands Antilles,,,,,,,,,0,,,,,,,,,,,,,,,,,,197041,,,,,,,,,,,,,,,,,,,,,,,,15.0,-66.0,,800,,,,,,,,,,,,,,,,,,,,,,,,,,,,,,,,,,,,,,,,,,,,,,,,,,
AN,2020-04-01,,Q25227,country/ANT,AN,Netherlands Antilles,,,,,,,,,0,,,,,,,,,,,,,,,,,,197041,,,,,,,,,,,,,,,,,,,,,,,,15.0,-66.0,,800,,,,,,,,,,,,,,,,,,,,,,,,,,,,,,,,,,,,,,,,,,,,,,,,,,
AN,2020-04-02,,Q25227,country/ANT,AN,Netherlands Antilles,,,,,,,,,0,,,,,,,,,,,,,,,,,,197041,,,,,,,,,,,,,,,,,,,,,,,,15.0,-66.0,,800,,,,,,,,,,,,,,,,,,,,,,,,,,,,,,,,,,,,,,,,,,,,,,,,,,
AN,2020-04-03,,Q25227,country/ANT,AN,Netherlands Antilles,,,,,,,,,0,,,,,,,,,,,,,,,,,,197041,,,,,,,,,,,,,,,,,,,,,,,,15.0,-66.0,,800,,,,,,,,,,,,,,,,,,,,,,,,,,,,,,,,,,,,,,,,,,,,,,,,,,
AN,2020-04-04,,Q25227,country/ANT,AN,Netherlands Antilles,,,,,,,,,0,,,,,,,,,,,,,,,,,,197041,,,,,,,,,,,,,,,,,,,,,,,,15.0,-66.0,,800,,,,,,,,,,,,,,,,,,,,,,,,,,,,,,,,,,,,,,,,,,,,,,,,,,
AN,2020-04-05,,Q25227,country/ANT,AN,Netherlands Antilles,,,,,,,,,0,,,,,,,,,,,,,,,,,,197041,,,,,,,,,,,,,,,,,,,,,,,,15.0,-66.0,,800,,,,,,,,,,,,,,,,,,,,,,,,,,,,,,,,,,,,,,,,,,,,,,,,,,
AN,2020-04-06,,Q25227,country/ANT,AN,Netherlands Antilles,,,,,,,,,0,,,,,,,,,,,,,,,,,,197041,,,,,,,,,,,,,,,,,,,,,,,,15.0,-66.0,,800,,,,,,,,,,,,,,,,,,,,,,,,,,,,,,,,,,,,,,,,,,,,,,,,,,
AN,2020-04-07,,Q25227,country/ANT,AN,Netherlands Antilles,,,,,,,,,0,,,,,,,,,,,,,,,,,,197041,,,,,,,,,,,,,,,,,,,,,,,,15.0,-66.0,,800,,,,,,,,,,,,,,,,,,,,,,,,,,,,,,,,,,,,,,,,,,,,,,,,,,
AN,2020-04-08,,Q25227,country/ANT,AN,Netherlands Antilles,,,,,,,,,0,,,,,,,,,,,,,,,,,,197041,,,,,,,,,,,,,,,,,,,,,,,,15.0,-66.0,,800,,,,,,,,,,,,,,,,,,,,,,,,,,,,,,,,,,,,,,,,,,,,,,,,,,
AN,2020-04-09,,Q25227,country/ANT,AN,Netherlands Antilles,,,,,,,,,0,,,,,,,,,,,,,,,,,,197041,,,,,,,,,,,,,,,,,,,,,,,,15.0,-66.0,,800,,,,,,,,,,,,,,,,,,,,,,,,,,,,,,,,,,,,,,,,,,,,,,,,,,
AN,2020-04-10,,Q25227,country/ANT,AN,Netherlands Antilles,,,,,,,,,0,,,,,,,,,,,,,,,,,,197041,,,,,,,,,,,,,,,,,,,,,,,,15.0,-66.0,,800,,,,,,,,,,,,,,,,,,,,,,,,,,,,,,,,,,,,,,,,,,,,,,,,,,
AN,2020-04-11,,Q25227,country/ANT,AN,Netherlands Antilles,,,,,,,,,0,,,,,,,,,,,,,,,,,,197041,,,,,,,,,,,,,,,,,,,,,,,,15.0,-66.0,,800,,,,,,,,,,,,,,,,,,,,,,,,,,,,,,,,,,,,,,,,,,,,,,,,,,
AN,2020-04-12,,Q25227,country/ANT,AN,Netherlands Antilles,,,,,,,,,0,,,,,,,,,,,,,,,,,,197041,,,,,,,,,,,,,,,,,,,,,,,,15.0,-66.0,,800,,,,,,,,,,,,,,,,,,,,,,,,,,,,,,,,,,,,,,,,,,,,,,,,,,
AN,2020-04-13,,Q25227,country/ANT,AN,Netherlands Antilles,,,,,,,,,0,,,,,,,,,,,,,,,,,,197041,,,,,,,,,,,,,,,,,,,,,,,,15.0,-66.0,,800,,,,,,,,,,,,,,,,,,,,,,,,,,,,,,,,,,,,,,,,,,,,,,,,,,
AN,2020-04-14,,Q25227,country/ANT,AN,Netherlands Antilles,,,,,,,,,0,,,,,,,,,,,,,,,,,,197041,,,,,,,,,,,,,,,,,,,,,,,,15.0,-66.0,,800,,,,,,,,,,,,,,,,,,,,,,,,,,,,,,,,,,,,,,,,,,,,,,,,,,
AN,2020-04-15,,Q25227,country/ANT,AN,Netherlands Antilles,,,,,,,,,0,,,,,,,,,,,,,,,,,,197041,,,,,,,,,,,,,,,,,,,,,,,,15.0,-66.0,,800,,,,,,,,,,,,,,,,,,,,,,,,,,,,,,,,,,,,,,,,,,,,,,,,,,
AN,2020-04-16,,Q25227,country/ANT,AN,Netherlands Antilles,,,,,,,,,0,,,,,,,,,,,,,,,,,,197041,,,,,,,,,,,,,,,,,,,,,,,,15.0,-66.0,,800,,,,,,,,,,,,,,,,,,,,,,,,,,,,,,,,,,,,,,,,,,,,,,,,,,
AN,2020-04-17,,Q25227,country/ANT,AN,Netherlands Antilles,,,,,,,,,0,,,,,,,,,,,,,,,,,,197041,,,,,,,,,,,,,,,,,,,,,,,,15.0,-66.0,,800,,,,,,,,,,,,,,,,,,,,,,,,,,,,,,,,,,,,,,,,,,,,,,,,,,
AN,2020-04-18,,Q25227,country/ANT,AN,Netherlands Antilles,,,,,,,,,0,,,,,,,,,,,,,,,,,,197041,,,,,,,,,,,,,,,,,,,,,,,,15.0,-66.0,,800,,,,,,,,,,,,,,,,,,,,,,,,,,,,,,,,,,,,,,,,,,,,,,,,,,
AN,2020-04-19,,Q25227,country/ANT,AN,Netherlands Antilles,,,,,,,,,0,,,,,,,,,,,,,,,,,,197041,,,,,,,,,,,,,,,,,,,,,,,,15.0,-66.0,,800,,,,,,,,,,,,,,,,,,,,,,,,,,,,,,,,,,,,,,,,,,,,,,,,,,
AN,2020-04-20,,Q25227,country/ANT,AN,Netherlands Antilles,,,,,,,,,0,,,,,,,,,,,,,,,,,,197041,,,,,,,,,,,,,,,,,,,,,,,,15.0,-66.0,,800,,,,,,,,,,,,,,,,,,,,,,,,,,,,,,,,,,,,,,,,,,,,,,,,,,
AN,2020-04-21,,Q25227,country/ANT,AN,Netherlands Antilles,,,,,,,,,0,,,,,,,,,,,,,,,,,,197041,,,,,,,,,,,,,,,,,,,,,,,,15.0,-66.0,,800,,,,,,,,,,,,,,,,,,,,,,,,,,,,,,,,,,,,,,,,,,,,,,,,,,
AN,2020-04-22,,Q25227,country/ANT,AN,Netherlands Antilles,,,,,,,,,0,,,,,,,,,,,,,,,,,,197041,,,,,,,,,,,,,,,,,,,,,,,,15.0,-66.0,,800,,,,,,,,,,,,,,,,,,,,,,,,,,,,,,,,,,,,,,,,,,,,,,,,,,
AN,2020-04-23,,Q25227,country/ANT,AN,Netherlands Antilles,,,,,,,,,0,,,,,,,,,,,,,,,,,,197041,,,,,,,,,,,,,,,,,,,,,,,,15.0,-66.0,,800,,,,,,,,,,,,,,,,,,,,,,,,,,,,,,,,,,,,,,,,,,,,,,,,,,
AN,2020-04-24,,Q25227,country/ANT,AN,Netherlands Antilles,,,,,,,,,0,,,,,,,,,,,,,,,,,,197041,,,,,,,,,,,,,,,,,,,,,,,,15.0,-66.0,,800,,,,,,,,,,,,,,,,,,,,,,,,,,,,,,,,,,,,,,,,,,,,,,,,,,
AN,2020-04-25,,Q25227,country/ANT,AN,Netherlands Antilles,,,,,,,,,0,,,,,,,,,,,,,,,,,,197041,,,,,,,,,,,,,,,,,,,,,,,,15.0,-66.0,,800,,,,,,,,,,,,,,,,,,,,,,,,,,,,,,,,,,,,,,,,,,,,,,,,,,
AN,2020-04-26,,Q25227,country/ANT,AN,Netherlands Antilles,,,,,,,,,0,,,,,,,,,,,,,,,,,,197041,,,,,,,,,,,,,,,,,,,,,,,,15.0,-66.0,,800,,,,,,,,,,,,,,,,,,,,,,,,,,,,,,,,,,,,,,,,,,,,,,,,,,
AN,2020-04-27,,Q25227,country/ANT,AN,Netherlands Antilles,,,,,,,,,0,,,,,,,,,,,,,,,,,,197041,,,,,,,,,,,,,,,,,,,,,,,,15.0,-66.0,,800,,,,,,,,,,,,,,,,,,,,,,,,,,,,,,,,,,,,,,,,,,,,,,,,,,
AN,2020-04-28,,Q25227,country/ANT,AN,Netherlands Antilles,,,,,,,,,0,,,,,,,,,,,,,,,,,,197041,,,,,,,,,,,,,,,,,,,,,,,,15.0,-66.0,,800,,,,,,,,,,,,,,,,,,,,,,,,,,,,,,,,,,,,,,,,,,,,,,,,,,
AN,2020-04-29,,Q25227,country/ANT,AN,Netherlands Antilles,,,,,,,,,0,,,,,,,,,,,,,,,,,,197041,,,,,,,,,,,,,,,,,,,,,,,,15.0,-66.0,,800,,,,,,,,,,,,,,,,,,,,,,,,,,,,,,,,,,,,,,,,,,,,,,,,,,
AN,2020-04-30,,Q25227,country/ANT,AN,Netherlands Antilles,,,,,,,,,0,,,,,,,,,,,,,,,,,,197041,,,,,,,,,,,,,,,,,,,,,,,,15.0,-66.0,,800,,,,,,,,,,,,,,,,,,,,,,,,,,,,,,,,,,,,,,,,,,,,,,,,,,
AN,2020-05-01,,Q25227,country/ANT,AN,Netherlands Antilles,,,,,,,,,0,,,,,,,,,,,,,,,,,,197041,,,,,,,,,,,,,,,,,,,,,,,,15.0,-66.0,,800,,,,,,,,,,,,,,,,,,,,,,,,,,,,,,,,,,,,,,,,,,,,,,,,,,
AN,2020-05-02,,Q25227,country/ANT,AN,Netherlands Antilles,,,,,,,,,0,,,,,,,,,,,,,,,,,,197041,,,,,,,,,,,,,,,,,,,,,,,,15.0,-66.0,,800,,,,,,,,,,,,,,,,,,,,,,,,,,,,,,,,,,,,,,,,,,,,,,,,,,
AN,2020-05-03,,Q25227,country/ANT,AN,Netherlands Antilles,,,,,,,,,0,,,,,,,,,,,,,,,,,,197041,,,,,,,,,,,,,,,,,,,,,,,,15.0,-66.0,,800,,,,,,,,,,,,,,,,,,,,,,,,,,,,,,,,,,,,,,,,,,,,,,,,,,
AN,2020-05-04,,Q25227,country/ANT,AN,Netherlands Antilles,,,,,,,,,0,,,,,,,,,,,,,,,,,,197041,,,,,,,,,,,,,,,,,,,,,,,,15.0,-66.0,,800,,,,,,,,,,,,,,,,,,,,,,,,,,,,,,,,,,,,,,,,,,,,,,,,,,
AN,2020-05-05,,Q25227,country/ANT,AN,Netherlands Antilles,,,,,,,,,0,,,,,,,,,,,,,,,,,,197041,,,,,,,,,,,,,,,,,,,,,,,,15.0,-66.0,,800,,,,,,,,,,,,,,,,,,,,,,,,,,,,,,,,,,,,,,,,,,,,,,,,,,
AN,2020-05-06,,Q25227,country/ANT,AN,Netherlands Antilles,,,,,,,,,0,,,,,,,,,,,,,,,,,,197041,,,,,,,,,,,,,,,,,,,,,,,,15.0,-66.0,,800,,,,,,,,,,,,,,,,,,,,,,,,,,,,,,,,,,,,,,,,,,,,,,,,,,
AN,2020-05-07,,Q25227,country/ANT,AN,Netherlands Antilles,,,,,,,,,0,,,,,,,,,,,,,,,,,,197041,,,,,,,,,,,,,,,,,,,,,,,,15.0,-66.0,,800,,,,,,,,,,,,,,,,,,,,,,,,,,,,,,,,,,,,,,,,,,,,,,,,,,
AN,2020-05-08,,Q25227,country/ANT,AN,Netherlands Antilles,,,,,,,,,0,,,,,,,,,,,,,,,,,,197041,,,,,,,,,,,,,,,,,,,,,,,,15.0,-66.0,,800,,,,,,,,,,,,,,,,,,,,,,,,,,,,,,,,,,,,,,,,,,,,,,,,,,
AN,2020-05-09,,Q25227,country/ANT,AN,Netherlands Antilles,,,,,,,,,0,,,,,,,,,,,,,,,,,,197041,,,,,,,,,,,,,,,,,,,,,,,,15.0,-66.0,,800,,,,,,,,,,,,,,,,,,,,,,,,,,,,,,,,,,,,,,,,,,,,,,,,,,
AN,2020-05-10,,Q25227,country/ANT,AN,Netherlands Antilles,,,,,,,,,0,,,,,,,,,,,,,,,,,,197041,,,,,,,,,,,,,,,,,,,,,,,,15.0,-66.0,,800,,,,,,,,,,,,,,,,,,,,,,,,,,,,,,,,,,,,,,,,,,,,,,,,,,
AN,2020-05-11,,Q25227,country/ANT,AN,Netherlands Antilles,,,,,,,,,0,,,,,,,,,,,,,,,,,,197041,,,,,,,,,,,,,,,,,,,,,,,,15.0,-66.0,,800,,,,,,,,,,,,,,,,,,,,,,,,,,,,,,,,,,,,,,,,,,,,,,,,,,
AN,2020-05-12,,Q25227,country/ANT,AN,Netherlands Antilles,,,,,,,,,0,,,,,,,,,,,,,,,,,,197041,,,,,,,,,,,,,,,,,,,,,,,,15.0,-66.0,,800,,,,,,,,,,,,,,,,,,,,,,,,,,,,,,,,,,,,,,,,,,,,,,,,,,
AN,2020-05-13,,Q25227,country/ANT,AN,Netherlands Antilles,,,,,,,,,0,,,,,,,,,,,,,,,,,,197041,,,,,,,,,,,,,,,,,,,,,,,,15.0,-66.0,,800,,,,,,,,,,,,,,,,,,,,,,,,,,,,,,,,,,,,,,,,,,,,,,,,,,
AN,2020-05-14,,Q25227,country/ANT,AN,Netherlands Antilles,,,,,,,,,0,,,,,,,,,,,,,,,,,,197041,,,,,,,,,,,,,,,,,,,,,,,,15.0,-66.0,,800,,,,,,,,,,,,,,,,,,,,,,,,,,,,,,,,,,,,,,,,,,,,,,,,,,
AN,2020-05-15,,Q25227,country/ANT,AN,Netherlands Antilles,,,,,,,,,0,,,,,,,,,,,,,,,,,,197041,,,,,,,,,,,,,,,,,,,,,,,,15.0,-66.0,,800,,,,,,,,,,,,,,,,,,,,,,,,,,,,,,,,,,,,,,,,,,,,,,,,,,
AN,2020-05-16,,Q25227,country/ANT,AN,Netherlands Antilles,,,,,,,,,0,,,,,,,,,,,,,,,,,,197041,,,,,,,,,,,,,,,,,,,,,,,,15.0,-66.0,,800,,,,,,,,,,,,,,,,,,,,,,,,,,,,,,,,,,,,,,,,,,,,,,,,,,
AN,2020-05-17,,Q25227,country/ANT,AN,Netherlands Antilles,,,,,,,,,0,,,,,,,,,,,,,,,,,,197041,,,,,,,,,,,,,,,,,,,,,,,,15.0,-66.0,,800,,,,,,,,,,,,,,,,,,,,,,,,,,,,,,,,,,,,,,,,,,,,,,,,,,
AN,2020-05-18,,Q25227,country/ANT,AN,Netherlands Antilles,,,,,,,,,0,,,,,,,,,,,,,,,,,,197041,,,,,,,,,,,,,,,,,,,,,,,,15.0,-66.0,,800,,,,,,,,,,,,,,,,,,,,,,,,,,,,,,,,,,,,,,,,,,,,,,,,,,
AN,2020-05-19,,Q25227,country/ANT,AN,Netherlands Antilles,,,,,,,,,0,,,,,,,,,,,,,,,,,,197041,,,,,,,,,,,,,,,,,,,,,,,,15.0,-66.0,,800,,,,,,,,,,,,,,,,,,,,,,,,,,,,,,,,,,,,,,,,,,,,,,,,,,
AN,2020-05-20,,Q25227,country/ANT,AN,Netherlands Antilles,,,,,,,,,0,,,,,,,,,,,,,,,,,,197041,,,,,,,,,,,,,,,,,,,,,,,,15.0,-66.0,,800,,,,,,,,,,,,,,,,,,,,,,,,,,,,,,,,,,,,,,,,,,,,,,,,,,
AN,2020-05-21,,Q25227,country/ANT,AN,Netherlands Antilles,,,,,,,,,0,,,,,,,,,,,,,,,,,,197041,,,,,,,,,,,,,,,,,,,,,,,,15.0,-66.0,,800,,,,,,,,,,,,,,,,,,,,,,,,,,,,,,,,,,,,,,,,,,,,,,,,,,
AN,2020-05-22,,Q25227,country/ANT,AN,Netherlands Antilles,,,,,,,,,0,,,,,,,,,,,,,,,,,,197041,,,,,,,,,,,,,,,,,,,,,,,,15.0,-66.0,,800,,,,,,,,,,,,,,,,,,,,,,,,,,,,,,,,,,,,,,,,,,,,,,,,,,
AN,2020-05-23,,Q25227,country/ANT,AN,Netherlands Antilles,,,,,,,,,0,,,,,,,,,,,,,,,,,,197041,,,,,,,,,,,,,,,,,,,,,,,,15.0,-66.0,,800,,,,,,,,,,,,,,,,,,,,,,,,,,,,,,,,,,,,,,,,,,,,,,,,,,
AN,2020-05-24,,Q25227,country/ANT,AN,Netherlands Antilles,,,,,,,,,0,,,,,,,,,,,,,,,,,,197041,,,,,,,,,,,,,,,,,,,,,,,,15.0,-66.0,,800,,,,,,,,,,,,,,,,,,,,,,,,,,,,,,,,,,,,,,,,,,,,,,,,,,
AN,2020-05-25,,Q25227,country/ANT,AN,Netherlands Antilles,,,,,,,,,0,,,,,,,,,,,,,,,,,,197041,,,,,,,,,,,,,,,,,,,,,,,,15.0,-66.0,,800,,,,,,,,,,,,,,,,,,,,,,,,,,,,,,,,,,,,,,,,,,,,,,,,,,
AN,2020-05-26,,Q25227,country/ANT,AN,Netherlands Antilles,,,,,,,,,0,,,,,,,,,,,,,,,,,,197041,,,,,,,,,,,,,,,,,,,,,,,,15.0,-66.0,,800,,,,,,,,,,,,,,,,,,,,,,,,,,,,,,,,,,,,,,,,,,,,,,,,,,
AN,2020-05-27,,Q25227,country/ANT,AN,Netherlands Antilles,,,,,,,,,0,,,,,,,,,,,,,,,,,,197041,,,,,,,,,,,,,,,,,,,,,,,,15.0,-66.0,,800,,,,,,,,,,,,,,,,,,,,,,,,,,,,,,,,,,,,,,,,,,,,,,,,,,
AN,2020-05-28,,Q25227,country/ANT,AN,Netherlands Antilles,,,,,,,,,0,,,,,,,,,,,,,,,,,,197041,,,,,,,,,,,,,,,,,,,,,,,,15.0,-66.0,,800,,,,,,,,,,,,,,,,,,,,,,,,,,,,,,,,,,,,,,,,,,,,,,,,,,
AN,2020-05-29,,Q25227,country/ANT,AN,Netherlands Antilles,,,,,,,,,0,,,,,,,,,,,,,,,,,,197041,,,,,,,,,,,,,,,,,,,,,,,,15.0,-66.0,,800,,,,,,,,,,,,,,,,,,,,,,,,,,,,,,,,,,,,,,,,,,,,,,,,,,
AN,2020-05-30,,Q25227,country/ANT,AN,Netherlands Antilles,,,,,,,,,0,,,,,,,,,,,,,,,,,,197041,,,,,,,,,,,,,,,,,,,,,,,,15.0,-66.0,,800,,,,,,,,,,,,,,,,,,,,,,,,,,,,,,,,,,,,,,,,,,,,,,,,,,
AN,2020-05-31,,Q25227,country/ANT,AN,Netherlands Antilles,,,,,,,,,0,,,,,,,,,,,,,,,,,,197041,,,,,,,,,,,,,,,,,,,,,,,,15.0,-66.0,,800,,,,,,,,,,,,,,,,,,,,,,,,,,,,,,,,,,,,,,,,,,,,,,,,,,
AN,2020-06-01,,Q25227,country/ANT,AN,Netherlands Antilles,,,,,,,,,0,,,,,,,,,,,,,,,,,,197041,,,,,,,,,,,,,,,,,,,,,,,,15.0,-66.0,,800,,,,,,,,,,,,,,,,,,,,,,,,,,,,,,,,,,,,,,,,,,,,,,,,,,
AN,2020-06-02,,Q25227,country/ANT,AN,Netherlands Antilles,,,,,,,,,0,,,,,,,,,,,,,,,,,,197041,,,,,,,,,,,,,,,,,,,,,,,,15.0,-66.0,,800,,,,,,,,,,,,,,,,,,,,,,,,,,,,,,,,,,,,,,,,,,,,,,,,,,
AN,2020-06-03,,Q25227,country/ANT,AN,Netherlands Antilles,,,,,,,,,0,,,,,,,,,,,,,,,,,,197041,,,,,,,,,,,,,,,,,,,,,,,,15.0,-66.0,,800,,,,,,,,,,,,,,,,,,,,,,,,,,,,,,,,,,,,,,,,,,,,,,,,,,
AN,2020-06-04,,Q25227,country/ANT,AN,Netherlands Antilles,,,,,,,,,0,,,,,,,,,,,,,,,,,,197041,,,,,,,,,,,,,,,,,,,,,,,,15.0,-66.0,,800,,,,,,,,,,,,,,,,,,,,,,,,,,,,,,,,,,,,,,,,,,,,,,,,,,
AN,2020-06-05,,Q25227,country/ANT,AN,Netherlands Antilles,,,,,,,,,0,,,,,,,,,,,,,,,,,,197041,,,,,,,,,,,,,,,,,,,,,,,,15.0,-66.0,,800,,,,,,,,,,,,,,,,,,,,,,,,,,,,,,,,,,,,,,,,,,,,,,,,,,
AN,2020-06-06,,Q25227,country/ANT,AN,Netherlands Antilles,,,,,,,,,0,,,,,,,,,,,,,,,,,,197041,,,,,,,,,,,,,,,,,,,,,,,,15.0,-66.0,,800,,,,,,,,,,,,,,,,,,,,,,,,,,,,,,,,,,,,,,,,,,,,,,,,,,
AN,2020-06-07,,Q25227,country/ANT,AN,Netherlands Antilles,,,,,,,,,0,,,,,,,,,,,,,,,,,,197041,,,,,,,,,,,,,,,,,,,,,,,,15.0,-66.0,,800,,,,,,,,,,,,,,,,,,,,,,,,,,,,,,,,,,,,,,,,,,,,,,,,,,
AN,2020-06-08,,Q25227,country/ANT,AN,Netherlands Antilles,,,,,,,,,0,,,,,,,,,,,,,,,,,,197041,,,,,,,,,,,,,,,,,,,,,,,,15.0,-66.0,,800,,,,,,,,,,,,,,,,,,,,,,,,,,,,,,,,,,,,,,,,,,,,,,,,,,
AN,2020-06-09,,Q25227,country/ANT,AN,Netherlands Antilles,,,,,,,,,0,,,,,,,,,,,,,,,,,,197041,,,,,,,,,,,,,,,,,,,,,,,,15.0,-66.0,,800,,,,,,,,,,,,,,,,,,,,,,,,,,,,,,,,,,,,,,,,,,,,,,,,,,
AN,2020-06-10,,Q25227,country/ANT,AN,Netherlands Antilles,,,,,,,,,0,,,,,,,,,,,,,,,,,,197041,,,,,,,,,,,,,,,,,,,,,,,,15.0,-66.0,,800,,,,,,,,,,,,,,,,,,,,,,,,,,,,,,,,,,,,,,,,,,,,,,,,,,
AN,2020-06-11,,Q25227,country/ANT,AN,Netherlands Antilles,,,,,,,,,0,,,,,,,,,,,,,,,,,,197041,,,,,,,,,,,,,,,,,,,,,,,,15.0,-66.0,,800,,,,,,,,,,,,,,,,,,,,,,,,,,,,,,,,,,,,,,,,,,,,,,,,,,
AN,2020-06-12,,Q25227,country/ANT,AN,Netherlands Antilles,,,,,,,,,0,,,,,,,,,,,,,,,,,,197041,,,,,,,,,,,,,,,,,,,,,,,,15.0,-66.0,,800,,,,,,,,,,,,,,,,,,,,,,,,,,,,,,,,,,,,,,,,,,,,,,,,,,
AN,2020-06-13,,Q25227,country/ANT,AN,Netherlands Antilles,,,,,,,,,0,,,,,,,,,,,,,,,,,,197041,,,,,,,,,,,,,,,,,,,,,,,,15.0,-66.0,,800,,,,,,,,,,,,,,,,,,,,,,,,,,,,,,,,,,,,,,,,,,,,,,,,,,
AN,2020-06-14,,Q25227,country/ANT,AN,Netherlands Antilles,,,,,,,,,0,,,,,,,,,,,,,,,,,,197041,,,,,,,,,,,,,,,,,,,,,,,,15.0,-66.0,,800,,,,,,,,,,,,,,,,,,,,,,,,,,,,,,,,,,,,,,,,,,,,,,,,,,
AN,2020-06-15,,Q25227,country/ANT,AN,Netherlands Antilles,,,,,,,,,0,,,,,,,,,,,,,,,,,,197041,,,,,,,,,,,,,,,,,,,,,,,,15.0,-66.0,,800,,,,,,,,,,,,,,,,,,,,,,,,,,,,,,,,,,,,,,,,,,,,,,,,,,
AN,2020-06-16,,Q25227,country/ANT,AN,Netherlands Antilles,,,,,,,,,0,,,,,,,,,,,,,,,,,,197041,,,,,,,,,,,,,,,,,,,,,,,,15.0,-66.0,,800,,,,,,,,,,,,,,,,,,,,,,,,,,,,,,,,,,,,,,,,,,,,,,,,,,
AN,2020-06-17,,Q25227,country/ANT,AN,Netherlands Antilles,,,,,,,,,0,,,,,,,,,,,,,,,,,,197041,,,,,,,,,,,,,,,,,,,,,,,,15.0,-66.0,,800,,,,,,,,,,,,,,,,,,,,,,,,,,,,,,,,,,,,,,,,,,,,,,,,,,
AN,2020-06-18,,Q25227,country/ANT,AN,Netherlands Antilles,,,,,,,,,0,,,,,,,,,,,,,,,,,,197041,,,,,,,,,,,,,,,,,,,,,,,,15.0,-66.0,,800,,,,,,,,,,,,,,,,,,,,,,,,,,,,,,,,,,,,,,,,,,,,,,,,,,
AN,2020-06-19,,Q25227,country/ANT,AN,Netherlands Antilles,,,,,,,,,0,,,,,,,,,,,,,,,,,,197041,,,,,,,,,,,,,,,,,,,,,,,,15.0,-66.0,,800,,,,,,,,,,,,,,,,,,,,,,,,,,,,,,,,,,,,,,,,,,,,,,,,,,
AN,2020-06-20,,Q25227,country/ANT,AN,Netherlands Antilles,,,,,,,,,0,,,,,,,,,,,,,,,,,,197041,,,,,,,,,,,,,,,,,,,,,,,,15.0,-66.0,,800,,,,,,,,,,,,,,,,,,,,,,,,,,,,,,,,,,,,,,,,,,,,,,,,,,
AN,2020-06-21,,Q25227,country/ANT,AN,Netherlands Antilles,,,,,,,,,0,,,,,,,,,,,,,,,,,,197041,,,,,,,,,,,,,,,,,,,,,,,,15.0,-66.0,,800,,,,,,,,,,,,,,,,,,,,,,,,,,,,,,,,,,,,,,,,,,,,,,,,,,
AN,2020-06-22,,Q25227,country/ANT,AN,Netherlands Antilles,,,,,,,,,0,,,,,,,,,,,,,,,,,,197041,,,,,,,,,,,,,,,,,,,,,,,,15.0,-66.0,,800,,,,,,,,,,,,,,,,,,,,,,,,,,,,,,,,,,,,,,,,,,,,,,,,,,
AN,2020-06-23,,Q25227,country/ANT,AN,Netherlands Antilles,,,,,,,,,0,,,,,,,,,,,,,,,,,,197041,,,,,,,,,,,,,,,,,,,,,,,,15.0,-66.0,,800,,,,,,,,,,,,,,,,,,,,,,,,,,,,,,,,,,,,,,,,,,,,,,,,,,
AN,2020-06-24,,Q25227,country/ANT,AN,Netherlands Antilles,,,,,,,,,0,,,,,,,,,,,,,,,,,,197041,,,,,,,,,,,,,,,,,,,,,,,,15.0,-66.0,,800,,,,,,,,,,,,,,,,,,,,,,,,,,,,,,,,,,,,,,,,,,,,,,,,,,
AN,2020-06-25,,Q25227,country/ANT,AN,Netherlands Antilles,,,,,,,,,0,,,,,,,,,,,,,,,,,,197041,,,,,,,,,,,,,,,,,,,,,,,,15.0,-66.0,,800,,,,,,,,,,,,,,,,,,,,,,,,,,,,,,,,,,,,,,,,,,,,,,,,,,
AN,2020-06-26,,Q25227,country/ANT,AN,Netherlands Antilles,,,,,,,,,0,,,,,,,,,,,,,,,,,,197041,,,,,,,,,,,,,,,,,,,,,,,,15.0,-66.0,,800,,,,,,,,,,,,,,,,,,,,,,,,,,,,,,,,,,,,,,,,,,,,,,,,,,
AN,2020-06-27,,Q25227,country/ANT,AN,Netherlands Antilles,,,,,,,,,0,,,,,,,,,,,,,,,,,,197041,,,,,,,,,,,,,,,,,,,,,,,,15.0,-66.0,,800,,,,,,,,,,,,,,,,,,,,,,,,,,,,,,,,,,,,,,,,,,,,,,,,,,
AN,2020-06-28,,Q25227,country/ANT,AN,Netherlands Antilles,,,,,,,,,0,,,,,,,,,,,,,,,,,,197041,,,,,,,,,,,,,,,,,,,,,,,,15.0,-66.0,,800,,,,,,,,,,,,,,,,,,,,,,,,,,,,,,,,,,,,,,,,,,,,,,,,,,
AN,2020-06-29,,Q25227,country/ANT,AN,Netherlands Antilles,,,,,,,,,0,,,,,,,,,,,,,,,,,,197041,,,,,,,,,,,,,,,,,,,,,,,,15.0,-66.0,,800,,,,,,,,,,,,,,,,,,,,,,,,,,,,,,,,,,,,,,,,,,,,,,,,,,
AN,2020-06-30,,Q25227,country/ANT,AN,Netherlands Antilles,,,,,,,,,0,,,,,,,,,,,,,,,,,,197041,,,,,,,,,,,,,,,,,,,,,,,,15.0,-66.0,,800,,,,,,,,,,,,,,,,,,,,,,,,,,,,,,,,,,,,,,,,,,,,,,,,,,
AN,2020-07-01,,Q25227,country/ANT,AN,Netherlands Antilles,,,,,,,,,0,,,,,,,,,,,,,,,,,,197041,,,,,,,,,,,,,,,,,,,,,,,,15.0,-66.0,,800,,,,,,,,,,,,,,,,,,,,,,,,,,,,,,,,,,,,,,,,,,,,,,,,,,
AN,2020-07-02,,Q25227,country/ANT,AN,Netherlands Antilles,,,,,,,,,0,,,,,,,,,,,,,,,,,,197041,,,,,,,,,,,,,,,,,,,,,,,,15.0,-66.0,,800,,,,,,,,,,,,,,,,,,,,,,,,,,,,,,,,,,,,,,,,,,,,,,,,,,
AN,2020-07-03,,Q25227,country/ANT,AN,Netherlands Antilles,,,,,,,,,0,,,,,,,,,,,,,,,,,,197041,,,,,,,,,,,,,,,,,,,,,,,,15.0,-66.0,,800,,,,,,,,,,,,,,,,,,,,,,,,,,,,,,,,,,,,,,,,,,,,,,,,,,
AN,2020-07-04,,Q25227,country/ANT,AN,Netherlands Antilles,,,,,,,,,0,,,,,,,,,,,,,,,,,,197041,,,,,,,,,,,,,,,,,,,,,,,,15.0,-66.0,,800,,,,,,,,,,,,,,,,,,,,,,,,,,,,,,,,,,,,,,,,,,,,,,,,,,
AN,2020-07-05,,Q25227,country/ANT,AN,Netherlands Antilles,,,,,,,,,0,,,,,,,,,,,,,,,,,,197041,,,,,,,,,,,,,,,,,,,,,,,,15.0,-66.0,,800,,,,,,,,,,,,,,,,,,,,,,,,,,,,,,,,,,,,,,,,,,,,,,,,,,
AN,2020-07-06,,Q25227,country/ANT,AN,Netherlands Antilles,,,,,,,,,0,,,,,,,,,,,,,,,,,,197041,,,,,,,,,,,,,,,,,,,,,,,,15.0,-66.0,,800,,,,,,,,,,,,,,,,,,,,,,,,,,,,,,,,,,,,,,,,,,,,,,,,,,
AN,2020-07-07,,Q25227,country/ANT,AN,Netherlands Antilles,,,,,,,,,0,,,,,,,,,,,,,,,,,,197041,,,,,,,,,,,,,,,,,,,,,,,,15.0,-66.0,,800,,,,,,,,,,,,,,,,,,,,,,,,,,,,,,,,,,,,,,,,,,,,,,,,,,
AN,2020-07-08,,Q25227,country/ANT,AN,Netherlands Antilles,,,,,,,,,0,,,,,,,,,,,,,,,,,,197041,,,,,,,,,,,,,,,,,,,,,,,,15.0,-66.0,,800,,,,,,,,,,,,,,,,,,,,,,,,,,,,,,,,,,,,,,,,,,,,,,,,,,
AN,2020-07-09,,Q25227,country/ANT,AN,Netherlands Antilles,,,,,,,,,0,,,,,,,,,,,,,,,,,,197041,,,,,,,,,,,,,,,,,,,,,,,,15.0,-66.0,,800,,,,,,,,,,,,,,,,,,,,,,,,,,,,,,,,,,,,,,,,,,,,,,,,,,
AN,2020-07-10,,Q25227,country/ANT,AN,Netherlands Antilles,,,,,,,,,0,,,,,,,,,,,,,,,,,,197041,,,,,,,,,,,,,,,,,,,,,,,,15.0,-66.0,,800,,,,,,,,,,,,,,,,,,,,,,,,,,,,,,,,,,,,,,,,,,,,,,,,,,
AN,2020-07-11,,Q25227,country/ANT,AN,Netherlands Antilles,,,,,,,,,0,,,,,,,,,,,,,,,,,,197041,,,,,,,,,,,,,,,,,,,,,,,,15.0,-66.0,,800,,,,,,,,,,,,,,,,,,,,,,,,,,,,,,,,,,,,,,,,,,,,,,,,,,
AN,2020-07-12,,Q25227,country/ANT,AN,Netherlands Antilles,,,,,,,,,0,,,,,,,,,,,,,,,,,,197041,,,,,,,,,,,,,,,,,,,,,,,,15.0,-66.0,,800,,,,,,,,,,,,,,,,,,,,,,,,,,,,,,,,,,,,,,,,,,,,,,,,,,
AN,2020-07-13,,Q25227,country/ANT,AN,Netherlands Antilles,,,,,,,,,0,,,,,,,,,,,,,,,,,,197041,,,,,,,,,,,,,,,,,,,,,,,,15.0,-66.0,,800,,,,,,,,,,,,,,,,,,,,,,,,,,,,,,,,,,,,,,,,,,,,,,,,,,
AN,2020-07-14,,Q25227,country/ANT,AN,Netherlands Antilles,,,,,,,,,0,,,,,,,,,,,,,,,,,,197041,,,,,,,,,,,,,,,,,,,,,,,,15.0,-66.0,,800,,,,,,,,,,,,,,,,,,,,,,,,,,,,,,,,,,,,,,,,,,,,,,,,,,
AN,2020-07-15,,Q25227,country/ANT,AN,Netherlands Antilles,,,,,,,,,0,,,,,,,,,,,,,,,,,,197041,,,,,,,,,,,,,,,,,,,,,,,,15.0,-66.0,,800,,,,,,,,,,,,,,,,,,,,,,,,,,,,,,,,,,,,,,,,,,,,,,,,,,
AN,2020-07-16,,Q25227,country/ANT,AN,Netherlands Antilles,,,,,,,,,0,,,,,,,,,,,,,,,,,,197041,,,,,,,,,,,,,,,,,,,,,,,,15.0,-66.0,,800,,,,,,,,,,,,,,,,,,,,,,,,,,,,,,,,,,,,,,,,,,,,,,,,,,
AN,2020-07-17,,Q25227,country/ANT,AN,Netherlands Antilles,,,,,,,,,0,,,,,,,,,,,,,,,,,,197041,,,,,,,,,,,,,,,,,,,,,,,,15.0,-66.0,,800,,,,,,,,,,,,,,,,,,,,,,,,,,,,,,,,,,,,,,,,,,,,,,,,,,
AN,2020-07-18,,Q25227,country/ANT,AN,Netherlands Antilles,,,,,,,,,0,,,,,,,,,,,,,,,,,,197041,,,,,,,,,,,,,,,,,,,,,,,,15.0,-66.0,,800,,,,,,,,,,,,,,,,,,,,,,,,,,,,,,,,,,,,,,,,,,,,,,,,,,
AN,2020-07-19,,Q25227,country/ANT,AN,Netherlands Antilles,,,,,,,,,0,,,,,,,,,,,,,,,,,,197041,,,,,,,,,,,,,,,,,,,,,,,,15.0,-66.0,,800,,,,,,,,,,,,,,,,,,,,,,,,,,,,,,,,,,,,,,,,,,,,,,,,,,
AN,2020-07-20,,Q25227,country/ANT,AN,Netherlands Antilles,,,,,,,,,0,,,,,,,,,,,,,,,,,,197041,,,,,,,,,,,,,,,,,,,,,,,,15.0,-66.0,,800,,,,,,,,,,,,,,,,,,,,,,,,,,,,,,,,,,,,,,,,,,,,,,,,,,
AN,2020-07-21,,Q25227,country/ANT,AN,Netherlands Antilles,,,,,,,,,0,,,,,,,,,,,,,,,,,,197041,,,,,,,,,,,,,,,,,,,,,,,,15.0,-66.0,,800,,,,,,,,,,,,,,,,,,,,,,,,,,,,,,,,,,,,,,,,,,,,,,,,,,
AN,2020-07-22,,Q25227,country/ANT,AN,Netherlands Antilles,,,,,,,,,0,,,,,,,,,,,,,,,,,,197041,,,,,,,,,,,,,,,,,,,,,,,,15.0,-66.0,,800,,,,,,,,,,,,,,,,,,,,,,,,,,,,,,,,,,,,,,,,,,,,,,,,,,
AN,2020-07-23,,Q25227,country/ANT,AN,Netherlands Antilles,,,,,,,,,0,,,,,,,,,,,,,,,,,,197041,,,,,,,,,,,,,,,,,,,,,,,,15.0,-66.0,,800,,,,,,,,,,,,,,,,,,,,,,,,,,,,,,,,,,,,,,,,,,,,,,,,,,
AN,2020-07-24,,Q25227,country/ANT,AN,Netherlands Antilles,,,,,,,,,0,,,,,,,,,,,,,,,,,,197041,,,,,,,,,,,,,,,,,,,,,,,,15.0,-66.0,,800,,,,,,,,,,,,,,,,,,,,,,,,,,,,,,,,,,,,,,,,,,,,,,,,,,
AN,2020-07-25,,Q25227,country/ANT,AN,Netherlands Antilles,,,,,,,,,0,,,,,,,,,,,,,,,,,,197041,,,,,,,,,,,,,,,,,,,,,,,,15.0,-66.0,,800,,,,,,,,,,,,,,,,,,,,,,,,,,,,,,,,,,,,,,,,,,,,,,,,,,
AN,2020-07-26,,Q25227,country/ANT,AN,Netherlands Antilles,,,,,,,,,0,,,,,,,,,,,,,,,,,,197041,,,,,,,,,,,,,,,,,,,,,,,,15.0,-66.0,,800,,,,,,,,,,,,,,,,,,,,,,,,,,,,,,,,,,,,,,,,,,,,,,,,,,
AN,2020-07-27,,Q25227,country/ANT,AN,Netherlands Antilles,,,,,,,,,0,,,,,,,,,,,,,,,,,,197041,,,,,,,,,,,,,,,,,,,,,,,,15.0,-66.0,,800,,,,,,,,,,,,,,,,,,,,,,,,,,,,,,,,,,,,,,,,,,,,,,,,,,
AN,2020-07-28,,Q25227,country/ANT,AN,Netherlands Antilles,,,,,,,,,0,,,,,,,,,,,,,,,,,,197041,,,,,,,,,,,,,,,,,,,,,,,,15.0,-66.0,,800,,,,,,,,,,,,,,,,,,,,,,,,,,,,,,,,,,,,,,,,,,,,,,,,,,
AN,2020-07-29,,Q25227,country/ANT,AN,Netherlands Antilles,,,,,,,,,0,,,,,,,,,,,,,,,,,,197041,,,,,,,,,,,,,,,,,,,,,,,,15.0,-66.0,,800,,,,,,,,,,,,,,,,,,,,,,,,,,,,,,,,,,,,,,,,,,,,,,,,,,
AN,2020-07-30,,Q25227,country/ANT,AN,Netherlands Antilles,,,,,,,,,0,,,,,,,,,,,,,,,,,,197041,,,,,,,,,,,,,,,,,,,,,,,,15.0,-66.0,,800,,,,,,,,,,,,,,,,,,,,,,,,,,,,,,,,,,,,,,,,,,,,,,,,,,
AN,2020-07-31,,Q25227,country/ANT,AN,Netherlands Antilles,,,,,,,,,0,,,,,,,,,,,,,,,,,,197041,,,,,,,,,,,,,,,,,,,,,,,,15.0,-66.0,,800,,,,,,,,,,,,,,,,,,,,,,,,,,,,,,,,,,,,,,,,,,,,,,,,,,
AN,2020-08-01,,Q25227,country/ANT,AN,Netherlands Antilles,,,,,,,,,0,,,,,,,,,,,,,,,,,,197041,,,,,,,,,,,,,,,,,,,,,,,,15.0,-66.0,,800,,,,,,,,,,,,,,,,,,,,,,,,,,,,,,,,,,,,,,,,,,,,,,,,,,
AN,2020-08-02,,Q25227,country/ANT,AN,Netherlands Antilles,,,,,,,,,0,,,,,,,,,,,,,,,,,,197041,,,,,,,,,,,,,,,,,,,,,,,,15.0,-66.0,,800,,,,,,,,,,,,,,,,,,,,,,,,,,,,,,,,,,,,,,,,,,,,,,,,,,
AN,2020-08-03,,Q25227,country/ANT,AN,Netherlands Antilles,,,,,,,,,0,,,,,,,,,,,,,,,,,,197041,,,,,,,,,,,,,,,,,,,,,,,,15.0,-66.0,,800,,,,,,,,,,,,,,,,,,,,,,,,,,,,,,,,,,,,,,,,,,,,,,,,,,
AN,2020-08-04,,Q25227,country/ANT,AN,Netherlands Antilles,,,,,,,,,0,,,,,,,,,,,,,,,,,,197041,,,,,,,,,,,,,,,,,,,,,,,,15.0,-66.0,,800,,,,,,,,,,,,,,,,,,,,,,,,,,,,,,,,,,,,,,,,,,,,,,,,,,
AN,2020-08-05,,Q25227,country/ANT,AN,Netherlands Antilles,,,,,,,,,0,,,,,,,,,,,,,,,,,,197041,,,,,,,,,,,,,,,,,,,,,,,,15.0,-66.0,,800,,,,,,,,,,,,,,,,,,,,,,,,,,,,,,,,,,,,,,,,,,,,,,,,,,
AN,2020-08-06,,Q25227,country/ANT,AN,Netherlands Antilles,,,,,,,,,0,,,,,,,,,,,,,,,,,,197041,,,,,,,,,,,,,,,,,,,,,,,,15.0,-66.0,,800,,,,,,,,,,,,,,,,,,,,,,,,,,,,,,,,,,,,,,,,,,,,,,,,,,
AN,2020-08-07,,Q25227,country/ANT,AN,Netherlands Antilles,,,,,,,,,0,,,,,,,,,,,,,,,,,,197041,,,,,,,,,,,,,,,,,,,,,,,,15.0,-66.0,,800,,,,,,,,,,,,,,,,,,,,,,,,,,,,,,,,,,,,,,,,,,,,,,,,,,
AN,2020-08-08,,Q25227,country/ANT,AN,Netherlands Antilles,,,,,,,,,0,,,,,,,,,,,,,,,,,,197041,,,,,,,,,,,,,,,,,,,,,,,,15.0,-66.0,,800,,,,,,,,,,,,,,,,,,,,,,,,,,,,,,,,,,,,,,,,,,,,,,,,,,
AN,2020-08-09,,Q25227,country/ANT,AN,Netherlands Antilles,,,,,,,,,0,,,,,,,,,,,,,,,,,,197041,,,,,,,,,,,,,,,,,,,,,,,,15.0,-66.0,,800,,,,,,,,,,,,,,,,,,,,,,,,,,,,,,,,,,,,,,,,,,,,,,,,,,
AN,2020-08-10,,Q25227,country/ANT,AN,Netherlands Antilles,,,,,,,,,0,,,,,,,,,,,,,,,,,,197041,,,,,,,,,,,,,,,,,,,,,,,,15.0,-66.0,,800,,,,,,,,,,,,,,,,,,,,,,,,,,,,,,,,,,,,,,,,,,,,,,,,,,
AN,2020-08-11,,Q25227,country/ANT,AN,Netherlands Antilles,,,,,,,,,0,,,,,,,,,,,,,,,,,,197041,,,,,,,,,,,,,,,,,,,,,,,,15.0,-66.0,,800,,,,,,,,,,,,,,,,,,,,,,,,,,,,,,,,,,,,,,,,,,,,,,,,,,
AN,2020-08-12,,Q25227,country/ANT,AN,Netherlands Antilles,,,,,,,,,0,,,,,,,,,,,,,,,,,,197041,,,,,,,,,,,,,,,,,,,,,,,,15.0,-66.0,,800,,,,,,,,,,,,,,,,,,,,,,,,,,,,,,,,,,,,,,,,,,,,,,,,,,
AN,2020-08-13,,Q25227,country/ANT,AN,Netherlands Antilles,,,,,,,,,0,,,,,,,,,,,,,,,,,,197041,,,,,,,,,,,,,,,,,,,,,,,,15.0,-66.0,,800,,,,,,,,,,,,,,,,,,,,,,,,,,,,,,,,,,,,,,,,,,,,,,,,,,
AN,2020-08-14,,Q25227,country/ANT,AN,Netherlands Antilles,,,,,,,,,0,,,,,,,,,,,,,,,,,,197041,,,,,,,,,,,,,,,,,,,,,,,,15.0,-66.0,,800,,,,,,,,,,,,,,,,,,,,,,,,,,,,,,,,,,,,,,,,,,,,,,,,,,
AN,2020-08-15,,Q25227,country/ANT,AN,Netherlands Antilles,,,,,,,,,0,,,,,,,,,,,,,,,,,,197041,,,,,,,,,,,,,,,,,,,,,,,,15.0,-66.0,,800,,,,,,,,,,,,,,,,,,,,,,,,,,,,,,,,,,,,,,,,,,,,,,,,,,
AN,2020-08-16,,Q25227,country/ANT,AN,Netherlands Antilles,,,,,,,,,0,,,,,,,,,,,,,,,,,,197041,,,,,,,,,,,,,,,,,,,,,,,,15.0,-66.0,,800,,,,,,,,,,,,,,,,,,,,,,,,,,,,,,,,,,,,,,,,,,,,,,,,,,
AN,2020-08-17,,Q25227,country/ANT,AN,Netherlands Antilles,,,,,,,,,0,,,,,,,,,,,,,,,,,,197041,,,,,,,,,,,,,,,,,,,,,,,,15.0,-66.0,,800,,,,,,,,,,,,,,,,,,,,,,,,,,,,,,,,,,,,,,,,,,,,,,,,,,
AN,2020-08-18,,Q25227,country/ANT,AN,Netherlands Antilles,,,,,,,,,0,,,,,,,,,,,,,,,,,,197041,,,,,,,,,,,,,,,,,,,,,,,,15.0,-66.0,,800,,,,,,,,,,,,,,,,,,,,,,,,,,,,,,,,,,,,,,,,,,,,,,,,,,
AN,2020-08-19,,Q25227,country/ANT,AN,Netherlands Antilles,,,,,,,,,0,,,,,,,,,,,,,,,,,,197041,,,,,,,,,,,,,,,,,,,,,,,,15.0,-66.0,,800,,,,,,,,,,,,,,,,,,,,,,,,,,,,,,,,,,,,,,,,,,,,,,,,,,
AN,2020-08-20,,Q25227,country/ANT,AN,Netherlands Antilles,,,,,,,,,0,,,,,,,,,,,,,,,,,,197041,,,,,,,,,,,,,,,,,,,,,,,,15.0,-66.0,,800,,,,,,,,,,,,,,,,,,,,,,,,,,,,,,,,,,,,,,,,,,,,,,,,,,
AN,2020-08-21,,Q25227,country/ANT,AN,Netherlands Antilles,,,,,,,,,0,,,,,,,,,,,,,,,,,,197041,,,,,,,,,,,,,,,,,,,,,,,,15.0,-66.0,,800,,,,,,,,,,,,,,,,,,,,,,,,,,,,,,,,,,,,,,,,,,,,,,,,,,
AN,2020-08-22,,Q25227,country/ANT,AN,Netherlands Antilles,,,,,,,,,0,,,,,,,,,,,,,,,,,,197041,,,,,,,,,,,,,,,,,,,,,,,,15.0,-66.0,,800,,,,,,,,,,,,,,,,,,,,,,,,,,,,,,,,,,,,,,,,,,,,,,,,,,
AN,2020-08-23,,Q25227,country/ANT,AN,Netherlands Antilles,,,,,,,,,0,,,,,,,,,,,,,,,,,,197041,,,,,,,,,,,,,,,,,,,,,,,,15.0,-66.0,,800,,,,,,,,,,,,,,,,,,,,,,,,,,,,,,,,,,,,,,,,,,,,,,,,,,
AN,2020-08-24,,Q25227,country/ANT,AN,Netherlands Antilles,,,,,,,,,0,,,,,,,,,,,,,,,,,,197041,,,,,,,,,,,,,,,,,,,,,,,,15.0,-66.0,,800,,,,,,,,,,,,,,,,,,,,,,,,,,,,,,,,,,,,,,,,,,,,,,,,,,
AN,2020-08-25,,Q25227,country/ANT,AN,Netherlands Antilles,,,,,,,,,0,,,,,,,,,,,,,,,,,,197041,,,,,,,,,,,,,,,,,,,,,,,,15.0,-66.0,,800,,,,,,,,,,,,,,,,,,,,,,,,,,,,,,,,,,,,,,,,,,,,,,,,,,
AN,2020-08-26,,Q25227,country/ANT,AN,Netherlands Antilles,,,,,,,,,0,,,,,,,,,,,,,,,,,,197041,,,,,,,,,,,,,,,,,,,,,,,,15.0,-66.0,,800,,,,,,,,,,,,,,,,,,,,,,,,,,,,,,,,,,,,,,,,,,,,,,,,,,
AN,2020-08-27,,Q25227,country/ANT,AN,Netherlands Antilles,,,,,,,,,0,,,,,,,,,,,,,,,,,,197041,,,,,,,,,,,,,,,,,,,,,,,,15.0,-66.0,,800,,,,,,,,,,,,,,,,,,,,,,,,,,,,,,,,,,,,,,,,,,,,,,,,,,
AN,2020-08-28,,Q25227,country/ANT,AN,Netherlands Antilles,,,,,,,,,0,,,,,,,,,,,,,,,,,,197041,,,,,,,,,,,,,,,,,,,,,,,,15.0,-66.0,,800,,,,,,,,,,,,,,,,,,,,,,,,,,,,,,,,,,,,,,,,,,,,,,,,,,
AN,2020-08-29,,Q25227,country/ANT,AN,Netherlands Antilles,,,,,,,,,0,,,,,,,,,,,,,,,,,,197041,,,,,,,,,,,,,,,,,,,,,,,,15.0,-66.0,,800,,,,,,,,,,,,,,,,,,,,,,,,,,,,,,,,,,,,,,,,,,,,,,,,,,
AN,2020-08-30,,Q25227,country/ANT,AN,Netherlands Antilles,,,,,,,,,0,,,,,,,,,,,,,,,,,,197041,,,,,,,,,,,,,,,,,,,,,,,,15.0,-66.0,,800,,,,,,,,,,,,,,,,,,,,,,,,,,,,,,,,,,,,,,,,,,,,,,,,,,
AN,2020-08-31,,Q25227,country/ANT,AN,Netherlands Antilles,,,,,,,,,0,,,,,,,,,,,,,,,,,,197041,,,,,,,,,,,,,,,,,,,,,,,,15.0,-66.0,,800,,,,,,,,,,,,,,,,,,,,,,,,,,,,,,,,,,,,,,,,,,,,,,,,,,
AN,2020-09-01,,Q25227,country/ANT,AN,Netherlands Antilles,,,,,,,,,0,,,,,,,,,,,,,,,,,,197041,,,,,,,,,,,,,,,,,,,,,,,,15.0,-66.0,,800,,,,,,,,,,,,,,,,,,,,,,,,,,,,,,,,,,,,,,,,,,,,,,,,,,
AN,2020-09-02,,Q25227,country/ANT,AN,Netherlands Antilles,,,,,,,,,0,,,,,,,,,,,,,,,,,,197041,,,,,,,,,,,,,,,,,,,,,,,,15.0,-66.0,,800,,,,,,,,,,,,,,,,,,,,,,,,,,,,,,,,,,,,,,,,,,,,,,,,,,
AN,2020-09-03,,Q25227,country/ANT,AN,Netherlands Antilles,,,,,,,,,0,,,,,,,,,,,,,,,,,,197041,,,,,,,,,,,,,,,,,,,,,,,,15.0,-66.0,,800,,,,,,,,,,,,,,,,,,,,,,,,,,,,,,,,,,,,,,,,,,,,,,,,,,
AN,2020-09-04,,Q25227,country/ANT,AN,Netherlands Antilles,,,,,,,,,0,,,,,,,,,,,,,,,,,,197041,,,,,,,,,,,,,,,,,,,,,,,,15.0,-66.0,,800,,,,,,,,,,,,,,,,,,,,,,,,,,,,,,,,,,,,,,,,,,,,,,,,,,
AN,2020-09-05,,Q25227,country/ANT,AN,Netherlands Antilles,,,,,,,,,0,,,,,,,,,,,,,,,,,,197041,,,,,,,,,,,,,,,,,,,,,,,,15.0,-66.0,,800,,,,,,,,,,,,,,,,,,,,,,,,,,,,,,,,,,,,,,,,,,,,,,,,,,
AN,2020-09-06,,Q25227,country/ANT,AN,Netherlands Antilles,,,,,,,,,0,,,,,,,,,,,,,,,,,,197041,,,,,,,,,,,,,,,,,,,,,,,,15.0,-66.0,,800,,,,,,,,,,,,,,,,,,,,,,,,,,,,,,,,,,,,,,,,,,,,,,,,,,
AN,2020-09-07,,Q25227,country/ANT,AN,Netherlands Antilles,,,,,,,,,0,,,,,,,,,,,,,,,,,,197041,,,,,,,,,,,,,,,,,,,,,,,,15.0,-66.0,,800,,,,,,,,,,,,,,,,,,,,,,,,,,,,,,,,,,,,,,,,,,,,,,,,,,
AN,2020-09-08,,Q25227,country/ANT,AN,Netherlands Antilles,,,,,,,,,0,,,,,,,,,,,,,,,,,,197041,,,,,,,,,,,,,,,,,,,,,,,,15.0,-66.0,,800,,,,,,,,,,,,,,,,,,,,,,,,,,,,,,,,,,,,,,,,,,,,,,,,,,
AN,2020-09-09,,Q25227,country/ANT,AN,Netherlands Antilles,,,,,,,,,0,,,,,,,,,,,,,,,,,,197041,,,,,,,,,,,,,,,,,,,,,,,,15.0,-66.0,,800,,,,,,,,,,,,,,,,,,,,,,,,,,,,,,,,,,,,,,,,,,,,,,,,,,
AN,2020-09-10,,Q25227,country/ANT,AN,Netherlands Antilles,,,,,,,,,0,,,,,,,,,,,,,,,,,,197041,,,,,,,,,,,,,,,,,,,,,,,,15.0,-66.0,,800,,,,,,,,,,,,,,,,,,,,,,,,,,,,,,,,,,,,,,,,,,,,,,,,,,
AN,2020-09-11,,Q25227,country/ANT,AN,Netherlands Antilles,,,,,,,,,0,,,,,,,,,,,,,,,,,,197041,,,,,,,,,,,,,,,,,,,,,,,,15.0,-66.0,,800,,,,,,,,,,,,,,,,,,,,,,,,,,,,,,,,,,,,,,,,,,,,,,,,,,
AN,2020-09-12,,Q25227,country/ANT,AN,Netherlands Antilles,,,,,,,,,0,,,,,,,,,,,,,,,,,,197041,,,,,,,,,,,,,,,,,,,,,,,,15.0,-66.0,,800,,,,,,,,,,,,,,,,,,,,,,,,,,,,,,,,,,,,,,,,,,,,,,,,,,
AN,2020-09-13,,Q25227,country/ANT,AN,Netherlands Antilles,,,,,,,,,0,,,,,,,,,,,,,,,,,,197041,,,,,,,,,,,,,,,,,,,,,,,,15.0,-66.0,,800,,,,,,,,,,,,,,,,,,,,,,,,,,,,,,,,,,,,,,,,,,,,,,,,,,
AN,2020-09-14,,Q25227,country/ANT,AN,Netherlands Antilles,,,,,,,,,0,,,,,,,,,,,,,,,,,,197041,,,,,,,,,,,,,,,,,,,,,,,,15.0,-66.0,,800,,,,,,,,,,,,,,,,,,,,,,,,,,,,,,,,,,,,,,,,,,,,,,,,,,
AN,2020-09-15,,Q25227,country/ANT,AN,Netherlands Antilles,,,,,,,,,0,,,,,,,,,,,,,,,,,,197041,,,,,,,,,,,,,,,,,,,,,,,,15.0,-66.0,,800,,,,,,,,,,,,,,,,,,,,,,,,,,,,,,,,,,,,,,,,,,,,,,,,,,
AN,2020-09-16,,Q25227,country/ANT,AN,Netherlands Antilles,,,,,,,,,0,,,,,,,,,,,,,,,,,,197041,,,,,,,,,,,,,,,,,,,,,,,,15.0,-66.0,,800,,,,,,,,,,,,,,,,,,,,,,,,,,,,,,,,,,,,,,,,,,,,,,,,,,
AN,2020-09-17,,Q25227,country/ANT,AN,Netherlands Antilles,,,,,,,,,0,,,,,,,,,,,,,,,,,,197041,,,,,,,,,,,,,,,,,,,,,,,,15.0,-66.0,,800,,,,,,,,,,,,,,,,,,,,,,,,,,,,,,,,,,,,,,,,,,,,,,,,,,
AN,2020-09-18,,Q25227,country/ANT,AN,Netherlands Antilles,,,,,,,,,0,,,,,,,,,,,,,,,,,,197041,,,,,,,,,,,,,,,,,,,,,,,,15.0,-66.0,,800,,,,,,,,,,,,,,,,,,,,,,,,,,,,,,,,,,,,,,,,,,,,,,,,,,
AN,2020-09-19,,Q25227,country/ANT,AN,Netherlands Antilles,,,,,,,,,0,,,,,,,,,,,,,,,,,,197041,,,,,,,,,,,,,,,,,,,,,,,,15.0,-66.0,,800,,,,,,,,,,,,,,,,,,,,,,,,,,,,,,,,,,,,,,,,,,,,,,,,,,
AN,2020-09-20,,Q25227,country/ANT,AN,Netherlands Antilles,,,,,,,,,0,,,,,,,,,,,,,,,,,,197041,,,,,,,,,,,,,,,,,,,,,,,,15.0,-66.0,,800,,,,,,,,,,,,,,,,,,,,,,,,,,,,,,,,,,,,,,,,,,,,,,,,,,
AN,2020-09-21,,Q25227,country/ANT,AN,Netherlands Antilles,,,,,,,,,0,,,,,,,,,,,,,,,,,,197041,,,,,,,,,,,,,,,,,,,,,,,,15.0,-66.0,,800,,,,,,,,,,,,,,,,,,,,,,,,,,,,,,,,,,,,,,,,,,,,,,,,,,
AN,2020-09-22,,Q25227,country/ANT,AN,Netherlands Antilles,,,,,,,,,0,,,,,,,,,,,,,,,,,,197041,,,,,,,,,,,,,,,,,,,,,,,,15.0,-66.0,,800,,,,,,,,,,,,,,,,,,,,,,,,,,,,,,,,,,,,,,,,,,,,,,,,,,
AN,2020-09-23,,Q25227,country/ANT,AN,Netherlands Antilles,,,,,,,,,0,,,,,,,,,,,,,,,,,,197041,,,,,,,,,,,,,,,,,,,,,,,,15.0,-66.0,,800,,,,,,,,,,,,,,,,,,,,,,,,,,,,,,,,,,,,,,,,,,,,,,,,,,
AN,2020-09-24,,Q25227,country/ANT,AN,Netherlands Antilles,,,,,,,,,0,,,,,,,,,,,,,,,,,,197041,,,,,,,,,,,,,,,,,,,,,,,,15.0,-66.0,,800,,,,,,,,,,,,,,,,,,,,,,,,,,,,,,,,,,,,,,,,,,,,,,,,,,
AN,2020-09-25,,Q25227,country/ANT,AN,Netherlands Antilles,,,,,,,,,0,,,,,,,,,,,,,,,,,,197041,,,,,,,,,,,,,,,,,,,,,,,,15.0,-66.0,,800,,,,,,,,,,,,,,,,,,,,,,,,,,,,,,,,,,,,,,,,,,,,,,,,,,
AN,2020-09-26,,Q25227,country/ANT,AN,Netherlands Antilles,,,,,,,,,0,,,,,,,,,,,,,,,,,,197041,,,,,,,,,,,,,,,,,,,,,,,,15.0,-66.0,,800,,,,,,,,,,,,,,,,,,,,,,,,,,,,,,,,,,,,,,,,,,,,,,,,,,
AN,2020-09-27,,Q25227,country/ANT,AN,Netherlands Antilles,,,,,,,,,0,,,,,,,,,,,,,,,,,,197041,,,,,,,,,,,,,,,,,,,,,,,,15.0,-66.0,,800,,,,,,,,,,,,,,,,,,,,,,,,,,,,,,,,,,,,,,,,,,,,,,,,,,
AN,2020-09-28,,Q25227,country/ANT,AN,Netherlands Antilles,,,,,,,,,0,,,,,,,,,,,,,,,,,,197041,,,,,,,,,,,,,,,,,,,,,,,,15.0,-66.0,,800,,,,,,,,,,,,,,,,,,,,,,,,,,,,,,,,,,,,,,,,,,,,,,,,,,
AN,2020-09-29,,Q25227,country/ANT,AN,Netherlands Antilles,,,,,,,,,0,,,,,,,,,,,,,,,,,,197041,,,,,,,,,,,,,,,,,,,,,,,,15.0,-66.0,,800,,,,,,,,,,,,,,,,,,,,,,,,,,,,,,,,,,,,,,,,,,,,,,,,,,
AN,2020-09-30,,Q25227,country/ANT,AN,Netherlands Antilles,,,,,,,,,0,,,,,,,,,,,,,,,,,,197041,,,,,,,,,,,,,,,,,,,,,,,,15.0,-66.0,,800,,,,,,,,,,,,,,,,,,,,,,,,,,,,,,,,,,,,,,,,,,,,,,,,,,
AN,2020-10-01,,Q25227,country/ANT,AN,Netherlands Antilles,,,,,,,,,0,,,,,,,,,,,,,,,,,,197041,,,,,,,,,,,,,,,,,,,,,,,,15.0,-66.0,,800,,,,,,,,,,,,,,,,,,,,,,,,,,,,,,,,,,,,,,,,,,,,,,,,,,
AN,2020-10-02,,Q25227,country/ANT,AN,Netherlands Antilles,,,,,,,,,0,,,,,,,,,,,,,,,,,,197041,,,,,,,,,,,,,,,,,,,,,,,,15.0,-66.0,,800,,,,,,,,,,,,,,,,,,,,,,,,,,,,,,,,,,,,,,,,,,,,,,,,,,
AN,2020-10-03,,Q25227,country/ANT,AN,Netherlands Antilles,,,,,,,,,0,,,,,,,,,,,,,,,,,,197041,,,,,,,,,,,,,,,,,,,,,,,,15.0,-66.0,,800,,,,,,,,,,,,,,,,,,,,,,,,,,,,,,,,,,,,,,,,,,,,,,,,,,
AN,2020-10-04,,Q25227,country/ANT,AN,Netherlands Antilles,,,,,,,,,0,,,,,,,,,,,,,,,,,,197041,,,,,,,,,,,,,,,,,,,,,,,,15.0,-66.0,,800,,,,,,,,,,,,,,,,,,,,,,,,,,,,,,,,,,,,,,,,,,,,,,,,,,
AN,2020-10-05,,Q25227,country/ANT,AN,Netherlands Antilles,,,,,,,,,0,,,,,,,,,,,,,,,,,,197041,,,,,,,,,,,,,,,,,,,,,,,,15.0,-66.0,,800,,,,,,,,,,,,,,,,,,,,,,,,,,,,,,,,,,,,,,,,,,,,,,,,,,
AN,2020-10-06,,Q25227,country/ANT,AN,Netherlands Antilles,,,,,,,,,0,,,,,,,,,,,,,,,,,,197041,,,,,,,,,,,,,,,,,,,,,,,,15.0,-66.0,,800,,,,,,,,,,,,,,,,,,,,,,,,,,,,,,,,,,,,,,,,,,,,,,,,,,
AN,2020-10-07,,Q25227,country/ANT,AN,Netherlands Antilles,,,,,,,,,0,,,,,,,,,,,,,,,,,,197041,,,,,,,,,,,,,,,,,,,,,,,,15.0,-66.0,,800,,,,,,,,,,,,,,,,,,,,,,,,,,,,,,,,,,,,,,,,,,,,,,,,,,
AN,2020-10-08,,Q25227,country/ANT,AN,Netherlands Antilles,,,,,,,,,0,,,,,,,,,,,,,,,,,,197041,,,,,,,,,,,,,,,,,,,,,,,,15.0,-66.0,,800,,,,,,,,,,,,,,,,,,,,,,,,,,,,,,,,,,,,,,,,,,,,,,,,,,
AN,2020-10-09,,Q25227,country/ANT,AN,Netherlands Antilles,,,,,,,,,0,,,,,,,,,,,,,,,,,,197041,,,,,,,,,,,,,,,,,,,,,,,,15.0,-66.0,,800,,,,,,,,,,,,,,,,,,,,,,,,,,,,,,,,,,,,,,,,,,,,,,,,,,
AN,2020-10-10,,Q25227,country/ANT,AN,Netherlands Antilles,,,,,,,,,0,,,,,,,,,,,,,,,,,,197041,,,,,,,,,,,,,,,,,,,,,,,,15.0,-66.0,,800,,,,,,,,,,,,,,,,,,,,,,,,,,,,,,,,,,,,,,,,,,,,,,,,,,
AN,2020-10-11,,Q25227,country/ANT,AN,Netherlands Antilles,,,,,,,,,0,,,,,,,,,,,,,,,,,,197041,,,,,,,,,,,,,,,,,,,,,,,,15.0,-66.0,,800,,,,,,,,,,,,,,,,,,,,,,,,,,,,,,,,,,,,,,,,,,,,,,,,,,
AN,2020-10-12,,Q25227,country/ANT,AN,Netherlands Antilles,,,,,,,,,0,,,,,,,,,,,,,,,,,,197041,,,,,,,,,,,,,,,,,,,,,,,,15.0,-66.0,,800,,,,,,,,,,,,,,,,,,,,,,,,,,,,,,,,,,,,,,,,,,,,,,,,,,
AN,2020-10-13,,Q25227,country/ANT,AN,Netherlands Antilles,,,,,,,,,0,,,,,,,,,,,,,,,,,,197041,,,,,,,,,,,,,,,,,,,,,,,,15.0,-66.0,,800,,,,,,,,,,,,,,,,,,,,,,,,,,,,,,,,,,,,,,,,,,,,,,,,,,
AN,2020-10-14,,Q25227,country/ANT,AN,Netherlands Antilles,,,,,,,,,0,,,,,,,,,,,,,,,,,,197041,,,,,,,,,,,,,,,,,,,,,,,,15.0,-66.0,,800,,,,,,,,,,,,,,,,,,,,,,,,,,,,,,,,,,,,,,,,,,,,,,,,,,
AN,2020-10-15,,Q25227,country/ANT,AN,Netherlands Antilles,,,,,,,,,0,,,,,,,,,,,,,,,,,,197041,,,,,,,,,,,,,,,,,,,,,,,,15.0,-66.0,,800,,,,,,,,,,,,,,,,,,,,,,,,,,,,,,,,,,,,,,,,,,,,,,,,,,
AN,2020-10-16,,Q25227,country/ANT,AN,Netherlands Antilles,,,,,,,,,0,,,,,,,,,,,,,,,,,,197041,,,,,,,,,,,,,,,,,,,,,,,,15.0,-66.0,,800,,,,,,,,,,,,,,,,,,,,,,,,,,,,,,,,,,,,,,,,,,,,,,,,,,
AN,2020-10-17,,Q25227,country/ANT,AN,Netherlands Antilles,,,,,,,,,0,,,,,,,,,,,,,,,,,,197041,,,,,,,,,,,,,,,,,,,,,,,,15.0,-66.0,,800,,,,,,,,,,,,,,,,,,,,,,,,,,,,,,,,,,,,,,,,,,,,,,,,,,
AN,2020-10-18,,Q25227,country/ANT,AN,Netherlands Antilles,,,,,,,,,0,,,,,,,,,,,,,,,,,,197041,,,,,,,,,,,,,,,,,,,,,,,,15.0,-66.0,,800,,,,,,,,,,,,,,,,,,,,,,,,,,,,,,,,,,,,,,,,,,,,,,,,,,
AN,2020-10-19,,Q25227,country/ANT,AN,Netherlands Antilles,,,,,,,,,0,,,,,,,,,,,,,,,,,,197041,,,,,,,,,,,,,,,,,,,,,,,,15.0,-66.0,,800,,,,,,,,,,,,,,,,,,,,,,,,,,,,,,,,,,,,,,,,,,,,,,,,,,
AN,2020-10-20,,Q25227,country/ANT,AN,Netherlands Antilles,,,,,,,,,0,,,,,,,,,,,,,,,,,,197041,,,,,,,,,,,,,,,,,,,,,,,,15.0,-66.0,,800,,,,,,,,,,,,,,,,,,,,,,,,,,,,,,,,,,,,,,,,,,,,,,,,,,
AN,2020-10-21,,Q25227,country/ANT,AN,Netherlands Antilles,,,,,,,,,0,,,,,,,,,,,,,,,,,,197041,,,,,,,,,,,,,,,,,,,,,,,,15.0,-66.0,,800,,,,,,,,,,,,,,,,,,,,,,,,,,,,,,,,,,,,,,,,,,,,,,,,,,
AN,2020-10-22,,Q25227,country/ANT,AN,Netherlands Antilles,,,,,,,,,0,,,,,,,,,,,,,,,,,,197041,,,,,,,,,,,,,,,,,,,,,,,,15.0,-66.0,,800,,,,,,,,,,,,,,,,,,,,,,,,,,,,,,,,,,,,,,,,,,,,,,,,,,
AN,2020-10-23,,Q25227,country/ANT,AN,Netherlands Antilles,,,,,,,,,0,,,,,,,,,,,,,,,,,,197041,,,,,,,,,,,,,,,,,,,,,,,,15.0,-66.0,,800,,,,,,,,,,,,,,,,,,,,,,,,,,,,,,,,,,,,,,,,,,,,,,,,,,
AN,2020-10-24,,Q25227,country/ANT,AN,Netherlands Antilles,,,,,,,,,0,,,,,,,,,,,,,,,,,,197041,,,,,,,,,,,,,,,,,,,,,,,,15.0,-66.0,,800,,,,,,,,,,,,,,,,,,,,,,,,,,,,,,,,,,,,,,,,,,,,,,,,,,
AN,2020-10-25,,Q25227,country/ANT,AN,Netherlands Antilles,,,,,,,,,0,,,,,,,,,,,,,,,,,,197041,,,,,,,,,,,,,,,,,,,,,,,,15.0,-66.0,,800,,,,,,,,,,,,,,,,,,,,,,,,,,,,,,,,,,,,,,,,,,,,,,,,,,
AN,2020-10-26,,Q25227,country/ANT,AN,Netherlands Antilles,,,,,,,,,0,,,,,,,,,,,,,,,,,,197041,,,,,,,,,,,,,,,,,,,,,,,,15.0,-66.0,,800,,,,,,,,,,,,,,,,,,,,,,,,,,,,,,,,,,,,,,,,,,,,,,,,,,
AN,2020-10-27,,Q25227,country/ANT,AN,Netherlands Antilles,,,,,,,,,0,,,,,,,,,,,,,,,,,,197041,,,,,,,,,,,,,,,,,,,,,,,,15.0,-66.0,,800,,,,,,,,,,,,,,,,,,,,,,,,,,,,,,,,,,,,,,,,,,,,,,,,,,
AN,2020-10-28,,Q25227,country/ANT,AN,Netherlands Antilles,,,,,,,,,0,,,,,,,,,,,,,,,,,,197041,,,,,,,,,,,,,,,,,,,,,,,,15.0,-66.0,,800,,,,,,,,,,,,,,,,,,,,,,,,,,,,,,,,,,,,,,,,,,,,,,,,,,
AN,2020-10-29,,Q25227,country/ANT,AN,Netherlands Antilles,,,,,,,,,0,,,,,,,,,,,,,,,,,,197041,,,,,,,,,,,,,,,,,,,,,,,,15.0,-66.0,,800,,,,,,,,,,,,,,,,,,,,,,,,,,,,,,,,,,,,,,,,,,,,,,,,,,
AN,2020-10-30,,Q25227,country/ANT,AN,Netherlands Antilles,,,,,,,,,0,,,,,,,,,,,,,,,,,,197041,,,,,,,,,,,,,,,,,,,,,,,,15.0,-66.0,,800,,,,,,,,,,,,,,,,,,,,,,,,,,,,,,,,,,,,,,,,,,,,,,,,,,
AN,2020-10-31,,Q25227,country/ANT,AN,Netherlands Antilles,,,,,,,,,0,,,,,,,,,,,,,,,,,,197041,,,,,,,,,,,,,,,,,,,,,,,,15.0,-66.0,,800,,,,,,,,,,,,,,,,,,,,,,,,,,,,,,,,,,,,,,,,,,,,,,,,,,
AN,2020-11-01,,Q25227,country/ANT,AN,Netherlands Antilles,,,,,,,,,0,,,,,,,,,,,,,,,,,,197041,,,,,,,,,,,,,,,,,,,,,,,,15.0,-66.0,,800,,,,,,,,,,,,,,,,,,,,,,,,,,,,,,,,,,,,,,,,,,,,,,,,,,
AN,2020-11-02,,Q25227,country/ANT,AN,Netherlands Antilles,,,,,,,,,0,,,,,,,,,,,,,,,,,,197041,,,,,,,,,,,,,,,,,,,,,,,,15.0,-66.0,,800,,,,,,,,,,,,,,,,,,,,,,,,,,,,,,,,,,,,,,,,,,,,,,,,,,
AN,2020-11-03,,Q25227,country/ANT,AN,Netherlands Antilles,,,,,,,,,0,,,,,,,,,,,,,,,,,,197041,,,,,,,,,,,,,,,,,,,,,,,,15.0,-66.0,,800,,,,,,,,,,,,,,,,,,,,,,,,,,,,,,,,,,,,,,,,,,,,,,,,,,
AN,2020-11-04,,Q25227,country/ANT,AN,Netherlands Antilles,,,,,,,,,0,,,,,,,,,,,,,,,,,,197041,,,,,,,,,,,,,,,,,,,,,,,,15.0,-66.0,,800,,,,,,,,,,,,,,,,,,,,,,,,,,,,,,,,,,,,,,,,,,,,,,,,,,
AN,2020-11-05,,Q25227,country/ANT,AN,Netherlands Antilles,,,,,,,,,0,,,,,,,,,,,,,,,,,,197041,,,,,,,,,,,,,,,,,,,,,,,,15.0,-66.0,,800,,,,,,,,,,,,,,,,,,,,,,,,,,,,,,,,,,,,,,,,,,,,,,,,,,
AN,2020-11-06,,Q25227,country/ANT,AN,Netherlands Antilles,,,,,,,,,0,,,,,,,,,,,,,,,,,,197041,,,,,,,,,,,,,,,,,,,,,,,,15.0,-66.0,,800,,,,,,,,,,,,,,,,,,,,,,,,,,,,,,,,,,,,,,,,,,,,,,,,,,
AN,2020-11-07,,Q25227,country/ANT,AN,Netherlands Antilles,,,,,,,,,0,,,,,,,,,,,,,,,,,,197041,,,,,,,,,,,,,,,,,,,,,,,,15.0,-66.0,,800,,,,,,,,,,,,,,,,,,,,,,,,,,,,,,,,,,,,,,,,,,,,,,,,,,
AN,2020-11-08,,Q25227,country/ANT,AN,Netherlands Antilles,,,,,,,,,0,,,,,,,,,,,,,,,,,,197041,,,,,,,,,,,,,,,,,,,,,,,,15.0,-66.0,,800,,,,,,,,,,,,,,,,,,,,,,,,,,,,,,,,,,,,,,,,,,,,,,,,,,
AN,2020-11-09,,Q25227,country/ANT,AN,Netherlands Antilles,,,,,,,,,0,,,,,,,,,,,,,,,,,,197041,,,,,,,,,,,,,,,,,,,,,,,,15.0,-66.0,,800,,,,,,,,,,,,,,,,,,,,,,,,,,,,,,,,,,,,,,,,,,,,,,,,,,
AN,2020-11-10,,Q25227,country/ANT,AN,Netherlands Antilles,,,,,,,,,0,,,,,,,,,,,,,,,,,,197041,,,,,,,,,,,,,,,,,,,,,,,,15.0,-66.0,,800,,,,,,,,,,,,,,,,,,,,,,,,,,,,,,,,,,,,,,,,,,,,,,,,,,
AN,2020-11-11,,Q25227,country/ANT,AN,Netherlands Antilles,,,,,,,,,0,,,,,,,,,,,,,,,,,,197041,,,,,,,,,,,,,,,,,,,,,,,,15.0,-66.0,,800,,,,,,,,,,,,,,,,,,,,,,,,,,,,,,,,,,,,,,,,,,,,,,,,,,
AN,2020-11-12,,Q25227,country/ANT,AN,Netherlands Antilles,,,,,,,,,0,,,,,,,,,,,,,,,,,,197041,,,,,,,,,,,,,,,,,,,,,,,,15.0,-66.0,,800,,,,,,,,,,,,,,,,,,,,,,,,,,,,,,,,,,,,,,,,,,,,,,,,,,
AN,2020-11-13,,Q25227,country/ANT,AN,Netherlands Antilles,,,,,,,,,0,,,,,,,,,,,,,,,,,,197041,,,,,,,,,,,,,,,,,,,,,,,,15.0,-66.0,,800,,,,,,,,,,,,,,,,,,,,,,,,,,,,,,,,,,,,,,,,,,,,,,,,,,
AN,2020-11-14,,Q25227,country/ANT,AN,Netherlands Antilles,,,,,,,,,0,,,,,,,,,,,,,,,,,,197041,,,,,,,,,,,,,,,,,,,,,,,,15.0,-66.0,,800,,,,,,,,,,,,,,,,,,,,,,,,,,,,,,,,,,,,,,,,,,,,,,,,,,
AN,2020-11-15,,Q25227,country/ANT,AN,Netherlands Antilles,,,,,,,,,0,,,,,,,,,,,,,,,,,,197041,,,,,,,,,,,,,,,,,,,,,,,,15.0,-66.0,,800,,,,,,,,,,,,,,,,,,,,,,,,,,,,,,,,,,,,,,,,,,,,,,,,,,
AN,2020-11-16,,Q25227,country/ANT,AN,Netherlands Antilles,,,,,,,,,0,,,,,,,,,,,,,,,,,,197041,,,,,,,,,,,,,,,,,,,,,,,,15.0,-66.0,,800,,,,,,,,,,,,,,,,,,,,,,,,,,,,,,,,,,,,,,,,,,,,,,,,,,
AN,2020-11-17,,Q25227,country/ANT,AN,Netherlands Antilles,,,,,,,,,0,,,,,,,,,,,,,,,,,,197041,,,,,,,,,,,,,,,,,,,,,,,,15.0,-66.0,,800,,,,,,,,,,,,,,,,,,,,,,,,,,,,,,,,,,,,,,,,,,,,,,,,,,
AN,2020-11-18,,Q25227,country/ANT,AN,Netherlands Antilles,,,,,,,,,0,,,,,,,,,,,,,,,,,,197041,,,,,,,,,,,,,,,,,,,,,,,,15.0,-66.0,,800,,,,,,,,,,,,,,,,,,,,,,,,,,,,,,,,,,,,,,,,,,,,,,,,,,
AN,2020-11-19,,Q25227,country/ANT,AN,Netherlands Antilles,,,,,,,,,0,,,,,,,,,,,,,,,,,,197041,,,,,,,,,,,,,,,,,,,,,,,,15.0,-66.0,,800,,,,,,,,,,,,,,,,,,,,,,,,,,,,,,,,,,,,,,,,,,,,,,,,,,
AN,2020-11-20,,Q25227,country/ANT,AN,Netherlands Antilles,,,,,,,,,0,,,,,,,,,,,,,,,,,,197041,,,,,,,,,,,,,,,,,,,,,,,,15.0,-66.0,,800,,,,,,,,,,,,,,,,,,,,,,,,,,,,,,,,,,,,,,,,,,,,,,,,,,
AN,2020-11-21,,Q25227,country/ANT,AN,Netherlands Antilles,,,,,,,,,0,,,,,,,,,,,,,,,,,,197041,,,,,,,,,,,,,,,,,,,,,,,,15.0,-66.0,,800,,,,,,,,,,,,,,,,,,,,,,,,,,,,,,,,,,,,,,,,,,,,,,,,,,
AN,2020-11-22,,Q25227,country/ANT,AN,Netherlands Antilles,,,,,,,,,0,,,,,,,,,,,,,,,,,,197041,,,,,,,,,,,,,,,,,,,,,,,,15.0,-66.0,,800,,,,,,,,,,,,,,,,,,,,,,,,,,,,,,,,,,,,,,,,,,,,,,,,,,
AN,2020-11-23,,Q25227,country/ANT,AN,Netherlands Antilles,,,,,,,,,0,,,,,,,,,,,,,,,,,,197041,,,,,,,,,,,,,,,,,,,,,,,,15.0,-66.0,,800,,,,,,,,,,,,,,,,,,,,,,,,,,,,,,,,,,,,,,,,,,,,,,,,,,
AN,2020-11-24,,Q25227,country/ANT,AN,Netherlands Antilles,,,,,,,,,0,,,,,,,,,,,,,,,,,,197041,,,,,,,,,,,,,,,,,,,,,,,,15.0,-66.0,,800,,,,,,,,,,,,,,,,,,,,,,,,,,,,,,,,,,,,,,,,,,,,,,,,,,
AN,2020-11-25,,Q25227,country/ANT,AN,Netherlands Antilles,,,,,,,,,0,,,,,,,,,,,,,,,,,,197041,,,,,,,,,,,,,,,,,,,,,,,,15.0,-66.0,,800,,,,,,,,,,,,,,,,,,,,,,,,,,,,,,,,,,,,,,,,,,,,,,,,,,
AN,2020-11-26,,Q25227,country/ANT,AN,Netherlands Antilles,,,,,,,,,0,,,,,,,,,,,,,,,,,,197041,,,,,,,,,,,,,,,,,,,,,,,,15.0,-66.0,,800,,,,,,,,,,,,,,,,,,,,,,,,,,,,,,,,,,,,,,,,,,,,,,,,,,
AN,2020-11-27,,Q25227,country/ANT,AN,Netherlands Antilles,,,,,,,,,0,,,,,,,,,,,,,,,,,,197041,,,,,,,,,,,,,,,,,,,,,,,,15.0,-66.0,,800,,,,,,,,,,,,,,,,,,,,,,,,,,,,,,,,,,,,,,,,,,,,,,,,,,
AN,2020-11-28,,Q25227,country/ANT,AN,Netherlands Antilles,,,,,,,,,0,,,,,,,,,,,,,,,,,,197041,,,,,,,,,,,,,,,,,,,,,,,,15.0,-66.0,,800,,,,,,,,,,,,,,,,,,,,,,,,,,,,,,,,,,,,,,,,,,,,,,,,,,
AN,2020-11-29,,Q25227,country/ANT,AN,Netherlands Antilles,,,,,,,,,0,,,,,,,,,,,,,,,,,,197041,,,,,,,,,,,,,,,,,,,,,,,,15.0,-66.0,,800,,,,,,,,,,,,,,,,,,,,,,,,,,,,,,,,,,,,,,,,,,,,,,,,,,
AN,2020-11-30,,Q25227,country/ANT,AN,Netherlands Antilles,,,,,,,,,0,,,,,,,,,,,,,,,,,,197041,,,,,,,,,,,,,,,,,,,,,,,,15.0,-66.0,,800,,,,,,,,,,,,,,,,,,,,,,,,,,,,,,,,,,,,,,,,,,,,,,,,,,
AN,2020-12-01,,Q25227,country/ANT,AN,Netherlands Antilles,,,,,,,,,0,,,,,,,,,,,,,,,,,,197041,,,,,,,,,,,,,,,,,,,,,,,,15.0,-66.0,,800,,,,,,,,,,,,,,,,,,,,,,,,,,,,,,,,,,,,,,,,,,,,,,,,,,
AN,2020-12-02,,Q25227,country/ANT,AN,Netherlands Antilles,,,,,,,,,0,,,,,,,,,,,,,,,,,,197041,,,,,,,,,,,,,,,,,,,,,,,,15.0,-66.0,,800,,,,,,,,,,,,,,,,,,,,,,,,,,,,,,,,,,,,,,,,,,,,,,,,,,
AN,2020-12-03,,Q25227,country/ANT,AN,Netherlands Antilles,,,,,,,,,0,,,,,,,,,,,,,,,,,,197041,,,,,,,,,,,,,,,,,,,,,,,,15.0,-66.0,,800,,,,,,,,,,,,,,,,,,,,,,,,,,,,,,,,,,,,,,,,,,,,,,,,,,
AN,2020-12-04,,Q25227,country/ANT,AN,Netherlands Antilles,,,,,,,,,0,,,,,,,,,,,,,,,,,,197041,,,,,,,,,,,,,,,,,,,,,,,,15.0,-66.0,,800,,,,,,,,,,,,,,,,,,,,,,,,,,,,,,,,,,,,,,,,,,,,,,,,,,
AN,2020-12-05,,Q25227,country/ANT,AN,Netherlands Antilles,,,,,,,,,0,,,,,,,,,,,,,,,,,,197041,,,,,,,,,,,,,,,,,,,,,,,,15.0,-66.0,,800,,,,,,,,,,,,,,,,,,,,,,,,,,,,,,,,,,,,,,,,,,,,,,,,,,
AN,2020-12-06,,Q25227,country/ANT,AN,Netherlands Antilles,,,,,,,,,0,,,,,,,,,,,,,,,,,,197041,,,,,,,,,,,,,,,,,,,,,,,,15.0,-66.0,,800,,,,,,,,,,,,,,,,,,,,,,,,,,,,,,,,,,,,,,,,,,,,,,,,,,
AN,2020-12-07,,Q25227,country/ANT,AN,Netherlands Antilles,,,,,,,,,0,,,,,,,,,,,,,,,,,,197041,,,,,,,,,,,,,,,,,,,,,,,,15.0,-66.0,,800,,,,,,,,,,,,,,,,,,,,,,,,,,,,,,,,,,,,,,,,,,,,,,,,,,
AN,2020-12-08,,Q25227,country/ANT,AN,Netherlands Antilles,,,,,,,,,0,,,,,,,,,,,,,,,,,,197041,,,,,,,,,,,,,,,,,,,,,,,,15.0,-66.0,,800,,,,,,,,,,,,,,,,,,,,,,,,,,,,,,,,,,,,,,,,,,,,,,,,,,
AN,2020-12-09,,Q25227,country/ANT,AN,Netherlands Antilles,,,,,,,,,0,,,,,,,,,,,,,,,,,,197041,,,,,,,,,,,,,,,,,,,,,,,,15.0,-66.0,,800,,,,,,,,,,,,,,,,,,,,,,,,,,,,,,,,,,,,,,,,,,,,,,,,,,
AN,2020-12-10,,Q25227,country/ANT,AN,Netherlands Antilles,,,,,,,,,0,,,,,,,,,,,,,,,,,,197041,,,,,,,,,,,,,,,,,,,,,,,,15.0,-66.0,,800,,,,,,,,,,,,,,,,,,,,,,,,,,,,,,,,,,,,,,,,,,,,,,,,,,
AN,2020-12-11,,Q25227,country/ANT,AN,Netherlands Antilles,,,,,,,,,0,,,,,,,,,,,,,,,,,,197041,,,,,,,,,,,,,,,,,,,,,,,,15.0,-66.0,,800,,,,,,,,,,,,,,,,,,,,,,,,,,,,,,,,,,,,,,,,,,,,,,,,,,
AN,2020-12-12,,Q25227,country/ANT,AN,Netherlands Antilles,,,,,,,,,0,,,,,,,,,,,,,,,,,,197041,,,,,,,,,,,,,,,,,,,,,,,,15.0,-66.0,,800,,,,,,,,,,,,,,,,,,,,,,,,,,,,,,,,,,,,,,,,,,,,,,,,,,
AN,2020-12-13,,Q25227,country/ANT,AN,Netherlands Antilles,,,,,,,,,0,,,,,,,,,,,,,,,,,,197041,,,,,,,,,,,,,,,,,,,,,,,,15.0,-66.0,,800,,,,,,,,,,,,,,,,,,,,,,,,,,,,,,,,,,,,,,,,,,,,,,,,,,
AN,2020-12-14,,Q25227,country/ANT,AN,Netherlands Antilles,,,,,,,,,0,,,,,,,,,,,,,,,,,,197041,,,,,,,,,,,,,,,,,,,,,,,,15.0,-66.0,,800,,,,,,,,,,,,,,,,,,,,,,,,,,,,,,,,,,,,,,,,,,,,,,,,,,
AN,2020-12-15,,Q25227,country/ANT,AN,Netherlands Antilles,,,,,,,,,0,,,,,,,,,,,,,,,,,,197041,,,,,,,,,,,,,,,,,,,,,,,,15.0,-66.0,,800,,,,,,,,,,,,,,,,,,,,,,,,,,,,,,,,,,,,,,,,,,,,,,,,,,
AN,2020-12-16,,Q25227,country/ANT,AN,Netherlands Antilles,,,,,,,,,0,,,,,,,,,,,,,,,,,,197041,,,,,,,,,,,,,,,,,,,,,,,,15.0,-66.0,,800,,,,,,,,,,,,,,,,,,,,,,,,,,,,,,,,,,,,,,,,,,,,,,,,,,
AN,2020-12-17,,Q25227,country/ANT,AN,Netherlands Antilles,,,,,,,,,0,,,,,,,,,,,,,,,,,,197041,,,,,,,,,,,,,,,,,,,,,,,,15.0,-66.0,,800,,,,,,,,,,,,,,,,,,,,,,,,,,,,,,,,,,,,,,,,,,,,,,,,,,
AN,2020-12-18,,Q25227,country/ANT,AN,Netherlands Antilles,,,,,,,,,0,,,,,,,,,,,,,,,,,,197041,,,,,,,,,,,,,,,,,,,,,,,,15.0,-66.0,,800,,,,,,,,,,,,,,,,,,,,,,,,,,,,,,,,,,,,,,,,,,,,,,,,,,
AN,2020-12-19,,Q25227,country/ANT,AN,Netherlands Antilles,,,,,,,,,0,,,,,,,,,,,,,,,,,,197041,,,,,,,,,,,,,,,,,,,,,,,,15.0,-66.0,,800,,,,,,,,,,,,,,,,,,,,,,,,,,,,,,,,,,,,,,,,,,,,,,,,,,
AN,2020-12-20,,Q25227,country/ANT,AN,Netherlands Antilles,,,,,,,,,0,,,,,,,,,,,,,,,,,,197041,,,,,,,,,,,,,,,,,,,,,,,,15.0,-66.0,,800,,,,,,,,,,,,,,,,,,,,,,,,,,,,,,,,,,,,,,,,,,,,,,,,,,
AN,2020-12-21,,Q25227,country/ANT,AN,Netherlands Antilles,,,,,,,,,0,,,,,,,,,,,,,,,,,,197041,,,,,,,,,,,,,,,,,,,,,,,,15.0,-66.0,,800,,,,,,,,,,,,,,,,,,,,,,,,,,,,,,,,,,,,,,,,,,,,,,,,,,
AN,2020-12-22,,Q25227,country/ANT,AN,Netherlands Antilles,,,,,,,,,0,,,,,,,,,,,,,,,,,,197041,,,,,,,,,,,,,,,,,,,,,,,,15.0,-66.0,,800,,,,,,,,,,,,,,,,,,,,,,,,,,,,,,,,,,,,,,,,,,,,,,,,,,
AN,2020-12-23,,Q25227,country/ANT,AN,Netherlands Antilles,,,,,,,,,0,,,,,,,,,,,,,,,,,,197041,,,,,,,,,,,,,,,,,,,,,,,,15.0,-66.0,,800,,,,,,,,,,,,,,,,,,,,,,,,,,,,,,,,,,,,,,,,,,,,,,,,,,
AN,2020-12-24,,Q25227,country/ANT,AN,Netherlands Antilles,,,,,,,,,0,,,,,,,,,,,,,,,,,,197041,,,,,,,,,,,,,,,,,,,,,,,,15.0,-66.0,,800,,,,,,,,,,,,,,,,,,,,,,,,,,,,,,,,,,,,,,,,,,,,,,,,,,
AN,2020-12-25,,Q25227,country/ANT,AN,Netherlands Antilles,,,,,,,,,0,,,,,,,,,,,,,,,,,,197041,,,,,,,,,,,,,,,,,,,,,,,,15.0,-66.0,,800,,,,,,,,,,,,,,,,,,,,,,,,,,,,,,,,,,,,,,,,,,,,,,,,,,
AN,2020-12-26,,Q25227,country/ANT,AN,Netherlands Antilles,,,,,,,,,0,,,,,,,,,,,,,,,,,,197041,,,,,,,,,,,,,,,,,,,,,,,,15.0,-66.0,,800,,,,,,,,,,,,,,,,,,,,,,,,,,,,,,,,,,,,,,,,,,,,,,,,,,
AN,2020-12-27,,Q25227,country/ANT,AN,Netherlands Antilles,,,,,,,,,0,,,,,,,,,,,,,,,,,,197041,,,,,,,,,,,,,,,,,,,,,,,,15.0,-66.0,,800,,,,,,,,,,,,,,,,,,,,,,,,,,,,,,,,,,,,,,,,,,,,,,,,,,
AN,2020-12-28,,Q25227,country/ANT,AN,Netherlands Antilles,,,,,,,,,0,,,,,,,,,,,,,,,,,,197041,,,,,,,,,,,,,,,,,,,,,,,,15.0,-66.0,,800,,,,,,,,,,,,,,,,,,,,,,,,,,,,,,,,,,,,,,,,,,,,,,,,,,
AN,2020-12-29,,Q25227,country/ANT,AN,Netherlands Antilles,,,,,,,,,0,,,,,,,,,,,,,,,,,,197041,,,,,,,,,,,,,,,,,,,,,,,,15.0,-66.0,,800,,,,,,,,,,,,,,,,,,,,,,,,,,,,,,,,,,,,,,,,,,,,,,,,,,
AN,2020-12-30,,Q25227,country/ANT,AN,Netherlands Antilles,,,,,,,,,0,,,,,,,,,,,,,,,,,,197041,,,,,,,,,,,,,,,,,,,,,,,,15.0,-66.0,,800,,,,,,,,,,,,,,,,,,,,,,,,,,,,,,,,,,,,,,,,,,,,,,,,,,
AN,2020-12-31,,Q25227,country/ANT,AN,Netherlands Antilles,,,,,,,,,0,,,,,,,,,,,,,,,,,,197041,,,,,,,,,,,,,,,,,,,,,,,,15.0,-66.0,,800,,,,,,,,,,,,,,,,,,,,,,,,,,,,,,,,,,,,,,,,,,,,,,,,,,
AN,2021-01-01,,Q25227,country/ANT,AN,Netherlands Antilles,,,,,,,,,0,,,,,,,,,,,,,,,,,,197041,,,,,,,,,,,,,,,,,,,,,,,,15.0,-66.0,,800,,,,,,,,,,,,,,,,,,,,,,,,,,,,,,,,,,,,,,,,,,,,,,,,,,
AN,2021-01-02,,Q25227,country/ANT,AN,Netherlands Antilles,,,,,,,,,0,,,,,,,,,,,,,,,,,,197041,,,,,,,,,,,,,,,,,,,,,,,,15.0,-66.0,,800,,,,,,,,,,,,,,,,,,,,,,,,,,,,,,,,,,,,,,,,,,,,,,,,,,
AN,2021-01-03,,Q25227,country/ANT,AN,Netherlands Antilles,,,,,,,,,0,,,,,,,,,,,,,,,,,,197041,,,,,,,,,,,,,,,,,,,,,,,,15.0,-66.0,,800,,,,,,,,,,,,,,,,,,,,,,,,,,,,,,,,,,,,,,,,,,,,,,,,,,
AN,2021-01-04,,Q25227,country/ANT,AN,Netherlands Antilles,,,,,,,,,0,,,,,,,,,,,,,,,,,,197041,,,,,,,,,,,,,,,,,,,,,,,,15.0,-66.0,,800,,,,,,,,,,,,,,,,,,,,,,,,,,,,,,,,,,,,,,,,,,,,,,,,,,
AN,2021-01-05,,Q25227,country/ANT,AN,Netherlands Antilles,,,,,,,,,0,,,,,,,,,,,,,,,,,,197041,,,,,,,,,,,,,,,,,,,,,,,,15.0,-66.0,,800,,,,,,,,,,,,,,,,,,,,,,,,,,,,,,,,,,,,,,,,,,,,,,,,,,
AN,2021-01-06,,Q25227,country/ANT,AN,Netherlands Antilles,,,,,,,,,0,,,,,,,,,,,,,,,,,,197041,,,,,,,,,,,,,,,,,,,,,,,,15.0,-66.0,,800,,,,,,,,,,,,,,,,,,,,,,,,,,,,,,,,,,,,,,,,,,,,,,,,,,
AN,2021-01-07,,Q25227,country/ANT,AN,Netherlands Antilles,,,,,,,,,0,,,,,,,,,,,,,,,,,,197041,,,,,,,,,,,,,,,,,,,,,,,,15.0,-66.0,,800,,,,,,,,,,,,,,,,,,,,,,,,,,,,,,,,,,,,,,,,,,,,,,,,,,
AN,2021-01-08,,Q25227,country/ANT,AN,Netherlands Antilles,,,,,,,,,0,,,,,,,,,,,,,,,,,,197041,,,,,,,,,,,,,,,,,,,,,,,,15.0,-66.0,,800,,,,,,,,,,,,,,,,,,,,,,,,,,,,,,,,,,,,,,,,,,,,,,,,,,
AN,2021-01-09,,Q25227,country/ANT,AN,Netherlands Antilles,,,,,,,,,0,,,,,,,,,,,,,,,,,,197041,,,,,,,,,,,,,,,,,,,,,,,,15.0,-66.0,,800,,,,,,,,,,,,,,,,,,,,,,,,,,,,,,,,,,,,,,,,,,,,,,,,,,
AN,2021-01-10,,Q25227,country/ANT,AN,Netherlands Antilles,,,,,,,,,0,,,,,,,,,,,,,,,,,,197041,,,,,,,,,,,,,,,,,,,,,,,,15.0,-66.0,,800,,,,,,,,,,,,,,,,,,,,,,,,,,,,,,,,,,,,,,,,,,,,,,,,,,
AN,2021-01-11,,Q25227,country/ANT,AN,Netherlands Antilles,,,,,,,,,0,,,,,,,,,,,,,,,,,,197041,,,,,,,,,,,,,,,,,,,,,,,,15.0,-66.0,,800,,,,,,,,,,,,,,,,,,,,,,,,,,,,,,,,,,,,,,,,,,,,,,,,,,
AN,2021-01-12,,Q25227,country/ANT,AN,Netherlands Antilles,,,,,,,,,0,,,,,,,,,,,,,,,,,,197041,,,,,,,,,,,,,,,,,,,,,,,,15.0,-66.0,,800,,,,,,,,,,,,,,,,,,,,,,,,,,,,,,,,,,,,,,,,,,,,,,,,,,
AN,2021-01-13,,Q25227,country/ANT,AN,Netherlands Antilles,,,,,,,,,0,,,,,,,,,,,,,,,,,,197041,,,,,,,,,,,,,,,,,,,,,,,,15.0,-66.0,,800,,,,,,,,,,,,,,,,,,,,,,,,,,,,,,,,,,,,,,,,,,,,,,,,,,
AN,2021-01-14,,Q25227,country/ANT,AN,Netherlands Antilles,,,,,,,,,0,,,,,,,,,,,,,,,,,,197041,,,,,,,,,,,,,,,,,,,,,,,,15.0,-66.0,,800,,,,,,,,,,,,,,,,,,,,,,,,,,,,,,,,,,,,,,,,,,,,,,,,,,
AN,2021-01-15,,Q25227,country/ANT,AN,Netherlands Antilles,,,,,,,,,0,,,,,,,,,,,,,,,,,,197041,,,,,,,,,,,,,,,,,,,,,,,,15.0,-66.0,,800,,,,,,,,,,,,,,,,,,,,,,,,,,,,,,,,,,,,,,,,,,,,,,,,,,
AN,2021-01-16,,Q25227,country/ANT,AN,Netherlands Antilles,,,,,,,,,0,,,,,,,,,,,,,,,,,,197041,,,,,,,,,,,,,,,,,,,,,,,,15.0,-66.0,,800,,,,,,,,,,,,,,,,,,,,,,,,,,,,,,,,,,,,,,,,,,,,,,,,,,
AN,2021-01-17,,Q25227,country/ANT,AN,Netherlands Antilles,,,,,,,,,0,,,,,,,,,,,,,,,,,,197041,,,,,,,,,,,,,,,,,,,,,,,,15.0,-66.0,,800,,,,,,,,,,,,,,,,,,,,,,,,,,,,,,,,,,,,,,,,,,,,,,,,,,
AN,2021-01-18,,Q25227,country/ANT,AN,Netherlands Antilles,,,,,,,,,0,,,,,,,,,,,,,,,,,,197041,,,,,,,,,,,,,,,,,,,,,,,,15.0,-66.0,,800,,,,,,,,,,,,,,,,,,,,,,,,,,,,,,,,,,,,,,,,,,,,,,,,,,
AN,2021-01-19,,Q25227,country/ANT,AN,Netherlands Antilles,,,,,,,,,0,,,,,,,,,,,,,,,,,,197041,,,,,,,,,,,,,,,,,,,,,,,,15.0,-66.0,,800,,,,,,,,,,,,,,,,,,,,,,,,,,,,,,,,,,,,,,,,,,,,,,,,,,
AN,2021-01-20,,Q25227,country/ANT,AN,Netherlands Antilles,,,,,,,,,0,,,,,,,,,,,,,,,,,,197041,,,,,,,,,,,,,,,,,,,,,,,,15.0,-66.0,,800,,,,,,,,,,,,,,,,,,,,,,,,,,,,,,,,,,,,,,,,,,,,,,,,,,
AN,2021-01-21,,Q25227,country/ANT,AN,Netherlands Antilles,,,,,,,,,0,,,,,,,,,,,,,,,,,,197041,,,,,,,,,,,,,,,,,,,,,,,,15.0,-66.0,,800,,,,,,,,,,,,,,,,,,,,,,,,,,,,,,,,,,,,,,,,,,,,,,,,,,
AN,2021-01-22,,Q25227,country/ANT,AN,Netherlands Antilles,,,,,,,,,0,,,,,,,,,,,,,,,,,,197041,,,,,,,,,,,,,,,,,,,,,,,,15.0,-66.0,,800,,,,,,,,,,,,,,,,,,,,,,,,,,,,,,,,,,,,,,,,,,,,,,,,,,
AN,2021-01-23,,Q25227,country/ANT,AN,Netherlands Antilles,,,,,,,,,0,,,,,,,,,,,,,,,,,,197041,,,,,,,,,,,,,,,,,,,,,,,,15.0,-66.0,,800,,,,,,,,,,,,,,,,,,,,,,,,,,,,,,,,,,,,,,,,,,,,,,,,,,
AN,2021-01-24,,Q25227,country/ANT,AN,Netherlands Antilles,,,,,,,,,0,,,,,,,,,,,,,,,,,,197041,,,,,,,,,,,,,,,,,,,,,,,,15.0,-66.0,,800,,,,,,,,,,,,,,,,,,,,,,,,,,,,,,,,,,,,,,,,,,,,,,,,,,
AN,2021-01-25,,Q25227,country/ANT,AN,Netherlands Antilles,,,,,,,,,0,,,,,,,,,,,,,,,,,,197041,,,,,,,,,,,,,,,,,,,,,,,,15.0,-66.0,,800,,,,,,,,,,,,,,,,,,,,,,,,,,,,,,,,,,,,,,,,,,,,,,,,,,
AN,2021-01-26,,Q25227,country/ANT,AN,Netherlands Antilles,,,,,,,,,0,,,,,,,,,,,,,,,,,,197041,,,,,,,,,,,,,,,,,,,,,,,,15.0,-66.0,,800,,,,,,,,,,,,,,,,,,,,,,,,,,,,,,,,,,,,,,,,,,,,,,,,,,
AN,2021-01-27,,Q25227,country/ANT,AN,Netherlands Antilles,,,,,,,,,0,,,,,,,,,,,,,,,,,,197041,,,,,,,,,,,,,,,,,,,,,,,,15.0,-66.0,,800,,,,,,,,,,,,,,,,,,,,,,,,,,,,,,,,,,,,,,,,,,,,,,,,,,
AN,2021-01-28,,Q25227,country/ANT,AN,Netherlands Antilles,,,,,,,,,0,,,,,,,,,,,,,,,,,,197041,,,,,,,,,,,,,,,,,,,,,,,,15.0,-66.0,,800,,,,,,,,,,,,,,,,,,,,,,,,,,,,,,,,,,,,,,,,,,,,,,,,,,
AN,2021-01-29,,Q25227,country/ANT,AN,Netherlands Antilles,,,,,,,,,0,,,,,,,,,,,,,,,,,,197041,,,,,,,,,,,,,,,,,,,,,,,,15.0,-66.0,,800,,,,,,,,,,,,,,,,,,,,,,,,,,,,,,,,,,,,,,,,,,,,,,,,,,
AN,2021-01-30,,Q25227,country/ANT,AN,Netherlands Antilles,,,,,,,,,0,,,,,,,,,,,,,,,,,,197041,,,,,,,,,,,,,,,,,,,,,,,,15.0,-66.0,,800,,,,,,,,,,,,,,,,,,,,,,,,,,,,,,,,,,,,,,,,,,,,,,,,,,
AN,2021-01-31,,Q25227,country/ANT,AN,Netherlands Antilles,,,,,,,,,0,,,,,,,,,,,,,,,,,,197041,,,,,,,,,,,,,,,,,,,,,,,,15.0,-66.0,,800,,,,,,,,,,,,,,,,,,,,,,,,,,,,,,,,,,,,,,,,,,,,,,,,,,
AN,2021-02-01,,Q25227,country/ANT,AN,Netherlands Antilles,,,,,,,,,0,,,,,,,,,,,,,,,,,,197041,,,,,,,,,,,,,,,,,,,,,,,,15.0,-66.0,,800,,,,,,,,,,,,,,,,,,,,,,,,,,,,,,,,,,,,,,,,,,,,,,,,,,
AN,2021-02-02,,Q25227,country/ANT,AN,Netherlands Antilles,,,,,,,,,0,,,,,,,,,,,,,,,,,,197041,,,,,,,,,,,,,,,,,,,,,,,,15.0,-66.0,,800,,,,,,,,,,,,,,,,,,,,,,,,,,,,,,,,,,,,,,,,,,,,,,,,,,
AN,2021-02-03,,Q25227,country/ANT,AN,Netherlands Antilles,,,,,,,,,0,,,,,,,,,,,,,,,,,,197041,,,,,,,,,,,,,,,,,,,,,,,,15.0,-66.0,,800,,,,,,,,,,,,,,,,,,,,,,,,,,,,,,,,,,,,,,,,,,,,,,,,,,
AN,2021-02-04,,Q25227,country/ANT,AN,Netherlands Antilles,,,,,,,,,0,,,,,,,,,,,,,,,,,,197041,,,,,,,,,,,,,,,,,,,,,,,,15.0,-66.0,,800,,,,,,,,,,,,,,,,,,,,,,,,,,,,,,,,,,,,,,,,,,,,,,,,,,
AN,2021-02-05,,Q25227,country/ANT,AN,Netherlands Antilles,,,,,,,,,0,,,,,,,,,,,,,,,,,,197041,,,,,,,,,,,,,,,,,,,,,,,,15.0,-66.0,,800,,,,,,,,,,,,,,,,,,,,,,,,,,,,,,,,,,,,,,,,,,,,,,,,,,
AN,2021-02-06,,Q25227,country/ANT,AN,Netherlands Antilles,,,,,,,,,0,,,,,,,,,,,,,,,,,,197041,,,,,,,,,,,,,,,,,,,,,,,,15.0,-66.0,,800,,,,,,,,,,,,,,,,,,,,,,,,,,,,,,,,,,,,,,,,,,,,,,,,,,
AN,2021-02-07,,Q25227,country/ANT,AN,Netherlands Antilles,,,,,,,,,0,,,,,,,,,,,,,,,,,,197041,,,,,,,,,,,,,,,,,,,,,,,,15.0,-66.0,,800,,,,,,,,,,,,,,,,,,,,,,,,,,,,,,,,,,,,,,,,,,,,,,,,,,
AN,2021-02-08,,Q25227,country/ANT,AN,Netherlands Antilles,,,,,,,,,0,,,,,,,,,,,,,,,,,,197041,,,,,,,,,,,,,,,,,,,,,,,,15.0,-66.0,,800,,,,,,,,,,,,,,,,,,,,,,,,,,,,,,,,,,,,,,,,,,,,,,,,,,
AN,2021-02-09,,Q25227,country/ANT,AN,Netherlands Antilles,,,,,,,,,0,,,,,,,,,,,,,,,,,,197041,,,,,,,,,,,,,,,,,,,,,,,,15.0,-66.0,,800,,,,,,,,,,,,,,,,,,,,,,,,,,,,,,,,,,,,,,,,,,,,,,,,,,
AN,2021-02-10,,Q25227,country/ANT,AN,Netherlands Antilles,,,,,,,,,0,,,,,,,,,,,,,,,,,,197041,,,,,,,,,,,,,,,,,,,,,,,,15.0,-66.0,,800,,,,,,,,,,,,,,,,,,,,,,,,,,,,,,,,,,,,,,,,,,,,,,,,,,
AN,2021-02-11,,Q25227,country/ANT,AN,Netherlands Antilles,,,,,,,,,0,,,,,,,,,,,,,,,,,,197041,,,,,,,,,,,,,,,,,,,,,,,,15.0,-66.0,,800,,,,,,,,,,,,,,,,,,,,,,,,,,,,,,,,,,,,,,,,,,,,,,,,,,
AN,2021-02-12,,Q25227,country/ANT,AN,Netherlands Antilles,,,,,,,,,0,,,,,,,,,,,,,,,,,,197041,,,,,,,,,,,,,,,,,,,,,,,,15.0,-66.0,,800,,,,,,,,,,,,,,,,,,,,,,,,,,,,,,,,,,,,,,,,,,,,,,,,,,
AN,2021-02-13,,Q25227,country/ANT,AN,Netherlands Antilles,,,,,,,,,0,,,,,,,,,,,,,,,,,,197041,,,,,,,,,,,,,,,,,,,,,,,,15.0,-66.0,,800,,,,,,,,,,,,,,,,,,,,,,,,,,,,,,,,,,,,,,,,,,,,,,,,,,
AN,2021-02-14,,Q25227,country/ANT,AN,Netherlands Antilles,,,,,,,,,0,,,,,,,,,,,,,,,,,,197041,,,,,,,,,,,,,,,,,,,,,,,,15.0,-66.0,,800,,,,,,,,,,,,,,,,,,,,,,,,,,,,,,,,,,,,,,,,,,,,,,,,,,
AN,2021-02-15,,Q25227,country/ANT,AN,Netherlands Antilles,,,,,,,,,0,,,,,,,,,,,,,,,,,,197041,,,,,,,,,,,,,,,,,,,,,,,,15.0,-66.0,,800,,,,,,,,,,,,,,,,,,,,,,,,,,,,,,,,,,,,,,,,,,,,,,,,,,
AN,2021-02-16,,Q25227,country/ANT,AN,Netherlands Antilles,,,,,,,,,0,,,,,,,,,,,,,,,,,,197041,,,,,,,,,,,,,,,,,,,,,,,,15.0,-66.0,,800,,,,,,,,,,,,,,,,,,,,,,,,,,,,,,,,,,,,,,,,,,,,,,,,,,
AN,2021-02-17,,Q25227,country/ANT,AN,Netherlands Antilles,,,,,,,,,0,,,,,,,,,,,,,,,,,,197041,,,,,,,,,,,,,,,,,,,,,,,,15.0,-66.0,,800,,,,,,,,,,,,,,,,,,,,,,,,,,,,,,,,,,,,,,,,,,,,,,,,,,
AN,2021-02-18,,Q25227,country/ANT,AN,Netherlands Antilles,,,,,,,,,0,,,,,,,,,,,,,,,,,,197041,,,,,,,,,,,,,,,,,,,,,,,,15.0,-66.0,,800,,,,,,,,,,,,,,,,,,,,,,,,,,,,,,,,,,,,,,,,,,,,,,,,,,
AN,2021-02-19,,Q25227,country/ANT,AN,Netherlands Antilles,,,,,,,,,0,,,,,,,,,,,,,,,,,,197041,,,,,,,,,,,,,,,,,,,,,,,,15.0,-66.0,,800,,,,,,,,,,,,,,,,,,,,,,,,,,,,,,,,,,,,,,,,,,,,,,,,,,
AN,2021-02-20,,Q25227,country/ANT,AN,Netherlands Antilles,,,,,,,,,0,,,,,,,,,,,,,,,,,,197041,,,,,,,,,,,,,,,,,,,,,,,,15.0,-66.0,,800,,,,,,,,,,,,,,,,,,,,,,,,,,,,,,,,,,,,,,,,,,,,,,,,,,
AN,2021-02-21,,Q25227,country/ANT,AN,Netherlands Antilles,,,,,,,,,0,,,,,,,,,,,,,,,,,,197041,,,,,,,,,,,,,,,,,,,,,,,,15.0,-66.0,,800,,,,,,,,,,,,,,,,,,,,,,,,,,,,,,,,,,,,,,,,,,,,,,,,,,
AN,2021-02-22,,Q25227,country/ANT,AN,Netherlands Antilles,,,,,,,,,0,,,,,,,,,,,,,,,,,,197041,,,,,,,,,,,,,,,,,,,,,,,,15.0,-66.0,,800,,,,,,,,,,,,,,,,,,,,,,,,,,,,,,,,,,,,,,,,,,,,,,,,,,
AN,2021-02-23,,Q25227,country/ANT,AN,Netherlands Antilles,,,,,,,,,0,,,,,,,,,,,,,,,,,,197041,,,,,,,,,,,,,,,,,,,,,,,,15.0,-66.0,,800,,,,,,,,,,,,,,,,,,,,,,,,,,,,,,,,,,,,,,,,,,,,,,,,,,
AN,2021-02-24,,Q25227,country/ANT,AN,Netherlands Antilles,,,,,,,,,0,,,,,,,,,,,,,,,,,,197041,,,,,,,,,,,,,,,,,,,,,,,,15.0,-66.0,,800,,,,,,,,,,,,,,,,,,,,,,,,,,,,,,,,,,,,,,,,,,,,,,,,,,
AN,2021-02-25,,Q25227,country/ANT,AN,Netherlands Antilles,,,,,,,,,0,,,,,,,,,,,,,,,,,,197041,,,,,,,,,,,,,,,,,,,,,,,,15.0,-66.0,,800,,,,,,,,,,,,,,,,,,,,,,,,,,,,,,,,,,,,,,,,,,,,,,,,,,
AN,2021-02-26,,Q25227,country/ANT,AN,Netherlands Antilles,,,,,,,,,0,,,,,,,,,,,,,,,,,,197041,,,,,,,,,,,,,,,,,,,,,,,,15.0,-66.0,,800,,,,,,,,,,,,,,,,,,,,,,,,,,,,,,,,,,,,,,,,,,,,,,,,,,
AN,2021-02-27,,Q25227,country/ANT,AN,Netherlands Antilles,,,,,,,,,0,,,,,,,,,,,,,,,,,,197041,,,,,,,,,,,,,,,,,,,,,,,,15.0,-66.0,,800,,,,,,,,,,,,,,,,,,,,,,,,,,,,,,,,,,,,,,,,,,,,,,,,,,
AN,2021-02-28,,Q25227,country/ANT,AN,Netherlands Antilles,,,,,,,,,0,,,,,,,,,,,,,,,,,,197041,,,,,,,,,,,,,,,,,,,,,,,,15.0,-66.0,,800,,,,,,,,,,,,,,,,,,,,,,,,,,,,,,,,,,,,,,,,,,,,,,,,,,
AN,2021-03-01,,Q25227,country/ANT,AN,Netherlands Antilles,,,,,,,,,0,,,,,,,,,,,,,,,,,,197041,,,,,,,,,,,,,,,,,,,,,,,,15.0,-66.0,,800,,,,,,,,,,,,,,,,,,,,,,,,,,,,,,,,,,,,,,,,,,,,,,,,,,
AN,2021-03-02,,Q25227,country/ANT,AN,Netherlands Antilles,,,,,,,,,0,,,,,,,,,,,,,,,,,,197041,,,,,,,,,,,,,,,,,,,,,,,,15.0,-66.0,,800,,,,,,,,,,,,,,,,,,,,,,,,,,,,,,,,,,,,,,,,,,,,,,,,,,
AN,2021-03-03,,Q25227,country/ANT,AN,Netherlands Antilles,,,,,,,,,0,,,,,,,,,,,,,,,,,,197041,,,,,,,,,,,,,,,,,,,,,,,,15.0,-66.0,,800,,,,,,,,,,,,,,,,,,,,,,,,,,,,,,,,,,,,,,,,,,,,,,,,,,
AN,2021-03-04,,Q25227,country/ANT,AN,Netherlands Antilles,,,,,,,,,0,,,,,,,,,,,,,,,,,,197041,,,,,,,,,,,,,,,,,,,,,,,,15.0,-66.0,,800,,,,,,,,,,,,,,,,,,,,,,,,,,,,,,,,,,,,,,,,,,,,,,,,,,
AN,2021-03-05,,Q25227,country/ANT,AN,Netherlands Antilles,,,,,,,,,0,,,,,,,,,,,,,,,,,,197041,,,,,,,,,,,,,,,,,,,,,,,,15.0,-66.0,,800,,,,,,,,,,,,,,,,,,,,,,,,,,,,,,,,,,,,,,,,,,,,,,,,,,
AN,2021-03-06,,Q25227,country/ANT,AN,Netherlands Antilles,,,,,,,,,0,,,,,,,,,,,,,,,,,,197041,,,,,,,,,,,,,,,,,,,,,,,,15.0,-66.0,,800,,,,,,,,,,,,,,,,,,,,,,,,,,,,,,,,,,,,,,,,,,,,,,,,,,
AN,2021-03-07,,Q25227,country/ANT,AN,Netherlands Antilles,,,,,,,,,0,,,,,,,,,,,,,,,,,,197041,,,,,,,,,,,,,,,,,,,,,,,,15.0,-66.0,,800,,,,,,,,,,,,,,,,,,,,,,,,,,,,,,,,,,,,,,,,,,,,,,,,,,
AN,2021-03-08,,Q25227,country/ANT,AN,Netherlands Antilles,,,,,,,,,0,,,,,,,,,,,,,,,,,,197041,,,,,,,,,,,,,,,,,,,,,,,,15.0,-66.0,,800,,,,,,,,,,,,,,,,,,,,,,,,,,,,,,,,,,,,,,,,,,,,,,,,,,
AN,2021-03-09,,Q25227,country/ANT,AN,Netherlands Antilles,,,,,,,,,0,,,,,,,,,,,,,,,,,,197041,,,,,,,,,,,,,,,,,,,,,,,,15.0,-66.0,,800,,,,,,,,,,,,,,,,,,,,,,,,,,,,,,,,,,,,,,,,,,,,,,,,,,
AN,2021-03-10,,Q25227,country/ANT,AN,Netherlands Antilles,,,,,,,,,0,,,,,,,,,,,,,,,,,,197041,,,,,,,,,,,,,,,,,,,,,,,,15.0,-66.0,,800,,,,,,,,,,,,,,,,,,,,,,,,,,,,,,,,,,,,,,,,,,,,,,,,,,
AN,2021-03-11,,Q25227,country/ANT,AN,Netherlands Antilles,,,,,,,,,0,,,,,,,,,,,,,,,,,,197041,,,,,,,,,,,,,,,,,,,,,,,,15.0,-66.0,,800,,,,,,,,,,,,,,,,,,,,,,,,,,,,,,,,,,,,,,,,,,,,,,,,,,
AN,2021-03-12,,Q25227,country/ANT,AN,Netherlands Antilles,,,,,,,,,0,,,,,,,,,,,,,,,,,,197041,,,,,,,,,,,,,,,,,,,,,,,,15.0,-66.0,,800,,,,,,,,,,,,,,,,,,,,,,,,,,,,,,,,,,,,,,,,,,,,,,,,,,
AN,2021-03-13,,Q25227,country/ANT,AN,Netherlands Antilles,,,,,,,,,0,,,,,,,,,,,,,,,,,,197041,,,,,,,,,,,,,,,,,,,,,,,,15.0,-66.0,,800,,,,,,,,,,,,,,,,,,,,,,,,,,,,,,,,,,,,,,,,,,,,,,,,,,
AN,2021-03-14,,Q25227,country/ANT,AN,Netherlands Antilles,,,,,,,,,0,,,,,,,,,,,,,,,,,,197041,,,,,,,,,,,,,,,,,,,,,,,,15.0,-66.0,,800,,,,,,,,,,,,,,,,,,,,,,,,,,,,,,,,,,,,,,,,,,,,,,,,,,
AN,2021-03-15,,Q25227,country/ANT,AN,Netherlands Antilles,,,,,,,,,0,,,,,,,,,,,,,,,,,,197041,,,,,,,,,,,,,,,,,,,,,,,,15.0,-66.0,,800,,,,,,,,,,,,,,,,,,,,,,,,,,,,,,,,,,,,,,,,,,,,,,,,,,
AN,2021-03-16,,Q25227,country/ANT,AN,Netherlands Antilles,,,,,,,,,0,,,,,,,,,,,,,,,,,,197041,,,,,,,,,,,,,,,,,,,,,,,,15.0,-66.0,,800,,,,,,,,,,,,,,,,,,,,,,,,,,,,,,,,,,,,,,,,,,,,,,,,,,
AN,2021-03-17,,Q25227,country/ANT,AN,Netherlands Antilles,,,,,,,,,0,,,,,,,,,,,,,,,,,,197041,,,,,,,,,,,,,,,,,,,,,,,,15.0,-66.0,,800,,,,,,,,,,,,,,,,,,,,,,,,,,,,,,,,,,,,,,,,,,,,,,,,,,
AN,2021-03-18,,Q25227,country/ANT,AN,Netherlands Antilles,,,,,,,,,0,,,,,,,,,,,,,,,,,,197041,,,,,,,,,,,,,,,,,,,,,,,,15.0,-66.0,,800,,,,,,,,,,,,,,,,,,,,,,,,,,,,,,,,,,,,,,,,,,,,,,,,,,
AN,2021-03-19,,Q25227,country/ANT,AN,Netherlands Antilles,,,,,,,,,0,,,,,,,,,,,,,,,,,,197041,,,,,,,,,,,,,,,,,,,,,,,,15.0,-66.0,,800,,,,,,,,,,,,,,,,,,,,,,,,,,,,,,,,,,,,,,,,,,,,,,,,,,
AN,2021-03-20,,Q25227,country/ANT,AN,Netherlands Antilles,,,,,,,,,0,,,,,,,,,,,,,,,,,,197041,,,,,,,,,,,,,,,,,,,,,,,,15.0,-66.0,,800,,,,,,,,,,,,,,,,,,,,,,,,,,,,,,,,,,,,,,,,,,,,,,,,,,
AN,2021-03-21,,Q25227,country/ANT,AN,Netherlands Antilles,,,,,,,,,0,,,,,,,,,,,,,,,,,,197041,,,,,,,,,,,,,,,,,,,,,,,,15.0,-66.0,,800,,,,,,,,,,,,,,,,,,,,,,,,,,,,,,,,,,,,,,,,,,,,,,,,,,
AN,2021-03-22,,Q25227,country/ANT,AN,Netherlands Antilles,,,,,,,,,0,,,,,,,,,,,,,,,,,,197041,,,,,,,,,,,,,,,,,,,,,,,,15.0,-66.0,,800,,,,,,,,,,,,,,,,,,,,,,,,,,,,,,,,,,,,,,,,,,,,,,,,,,
AN,2021-03-23,,Q25227,country/ANT,AN,Netherlands Antilles,,,,,,,,,0,,,,,,,,,,,,,,,,,,197041,,,,,,,,,,,,,,,,,,,,,,,,15.0,-66.0,,800,,,,,,,,,,,,,,,,,,,,,,,,,,,,,,,,,,,,,,,,,,,,,,,,,,
AN,2021-03-24,,Q25227,country/ANT,AN,Netherlands Antilles,,,,,,,,,0,,,,,,,,,,,,,,,,,,197041,,,,,,,,,,,,,,,,,,,,,,,,15.0,-66.0,,800,,,,,,,,,,,,,,,,,,,,,,,,,,,,,,,,,,,,,,,,,,,,,,,,,,
AN,2021-03-25,,Q25227,country/ANT,AN,Netherlands Antilles,,,,,,,,,0,,,,,,,,,,,,,,,,,,197041,,,,,,,,,,,,,,,,,,,,,,,,15.0,-66.0,,800,,,,,,,,,,,,,,,,,,,,,,,,,,,,,,,,,,,,,,,,,,,,,,,,,,
AN,2021-03-26,,Q25227,country/ANT,AN,Netherlands Antilles,,,,,,,,,0,,,,,,,,,,,,,,,,,,197041,,,,,,,,,,,,,,,,,,,,,,,,15.0,-66.0,,800,,,,,,,,,,,,,,,,,,,,,,,,,,,,,,,,,,,,,,,,,,,,,,,,,,
AN,2021-03-27,,Q25227,country/ANT,AN,Netherlands Antilles,,,,,,,,,0,,,,,,,,,,,,,,,,,,197041,,,,,,,,,,,,,,,,,,,,,,,,15.0,-66.0,,800,,,,,,,,,,,,,,,,,,,,,,,,,,,,,,,,,,,,,,,,,,,,,,,,,,
AN,2021-03-28,,Q25227,country/ANT,AN,Netherlands Antilles,,,,,,,,,0,,,,,,,,,,,,,,,,,,197041,,,,,,,,,,,,,,,,,,,,,,,,15.0,-66.0,,800,,,,,,,,,,,,,,,,,,,,,,,,,,,,,,,,,,,,,,,,,,,,,,,,,,
AN,2021-03-29,,Q25227,country/ANT,AN,Netherlands Antilles,,,,,,,,,0,,,,,,,,,,,,,,,,,,197041,,,,,,,,,,,,,,,,,,,,,,,,15.0,-66.0,,800,,,,,,,,,,,,,,,,,,,,,,,,,,,,,,,,,,,,,,,,,,,,,,,,,,
AN,2021-03-30,,Q25227,country/ANT,AN,Netherlands Antilles,,,,,,,,,0,,,,,,,,,,,,,,,,,,197041,,,,,,,,,,,,,,,,,,,,,,,,15.0,-66.0,,800,,,,,,,,,,,,,,,,,,,,,,,,,,,,,,,,,,,,,,,,,,,,,,,,,,
AN,2021-03-31,,Q25227,country/ANT,AN,Netherlands Antilles,,,,,,,,,0,,,,,,,,,,,,,,,,,,197041,,,,,,,,,,,,,,,,,,,,,,,,15.0,-66.0,,800,,,,,,,,,,,,,,,,,,,,,,,,,,,,,,,,,,,,,,,,,,,,,,,,,,
AN,2021-04-01,,Q25227,country/ANT,AN,Netherlands Antilles,,,,,,,,,0,,,,,,,,,,,,,,,,,,197041,,,,,,,,,,,,,,,,,,,,,,,,15.0,-66.0,,800,,,,,,,,,,,,,,,,,,,,,,,,,,,,,,,,,,,,,,,,,,,,,,,,,,
AN,2021-04-02,,Q25227,country/ANT,AN,Netherlands Antilles,,,,,,,,,0,,,,,,,,,,,,,,,,,,197041,,,,,,,,,,,,,,,,,,,,,,,,15.0,-66.0,,800,,,,,,,,,,,,,,,,,,,,,,,,,,,,,,,,,,,,,,,,,,,,,,,,,,
AN,2021-04-03,,Q25227,country/ANT,AN,Netherlands Antilles,,,,,,,,,0,,,,,,,,,,,,,,,,,,197041,,,,,,,,,,,,,,,,,,,,,,,,15.0,-66.0,,800,,,,,,,,,,,,,,,,,,,,,,,,,,,,,,,,,,,,,,,,,,,,,,,,,,
AN,2021-04-04,,Q25227,country/ANT,AN,Netherlands Antilles,,,,,,,,,0,,,,,,,,,,,,,,,,,,197041,,,,,,,,,,,,,,,,,,,,,,,,15.0,-66.0,,800,,,,,,,,,,,,,,,,,,,,,,,,,,,,,,,,,,,,,,,,,,,,,,,,,,
AN,2021-04-05,,Q25227,country/ANT,AN,Netherlands Antilles,,,,,,,,,0,,,,,,,,,,,,,,,,,,197041,,,,,,,,,,,,,,,,,,,,,,,,15.0,-66.0,,800,,,,,,,,,,,,,,,,,,,,,,,,,,,,,,,,,,,,,,,,,,,,,,,,,,
AN,2021-04-06,,Q25227,country/ANT,AN,Netherlands Antilles,,,,,,,,,0,,,,,,,,,,,,,,,,,,197041,,,,,,,,,,,,,,,,,,,,,,,,15.0,-66.0,,800,,,,,,,,,,,,,,,,,,,,,,,,,,,,,,,,,,,,,,,,,,,,,,,,,,
AN,2021-04-07,,Q25227,country/ANT,AN,Netherlands Antilles,,,,,,,,,0,,,,,,,,,,,,,,,,,,197041,,,,,,,,,,,,,,,,,,,,,,,,15.0,-66.0,,800,,,,,,,,,,,,,,,,,,,,,,,,,,,,,,,,,,,,,,,,,,,,,,,,,,
AN,2021-04-08,,Q25227,country/ANT,AN,Netherlands Antilles,,,,,,,,,0,,,,,,,,,,,,,,,,,,197041,,,,,,,,,,,,,,,,,,,,,,,,15.0,-66.0,,800,,,,,,,,,,,,,,,,,,,,,,,,,,,,,,,,,,,,,,,,,,,,,,,,,,
AN,2021-04-09,,Q25227,country/ANT,AN,Netherlands Antilles,,,,,,,,,0,,,,,,,,,,,,,,,,,,197041,,,,,,,,,,,,,,,,,,,,,,,,15.0,-66.0,,800,,,,,,,,,,,,,,,,,,,,,,,,,,,,,,,,,,,,,,,,,,,,,,,,,,
AN,2021-04-10,,Q25227,country/ANT,AN,Netherlands Antilles,,,,,,,,,0,,,,,,,,,,,,,,,,,,197041,,,,,,,,,,,,,,,,,,,,,,,,15.0,-66.0,,800,,,,,,,,,,,,,,,,,,,,,,,,,,,,,,,,,,,,,,,,,,,,,,,,,,
AN,2021-04-11,,Q25227,country/ANT,AN,Netherlands Antilles,,,,,,,,,0,,,,,,,,,,,,,,,,,,197041,,,,,,,,,,,,,,,,,,,,,,,,15.0,-66.0,,800,,,,,,,,,,,,,,,,,,,,,,,,,,,,,,,,,,,,,,,,,,,,,,,,,,
AN,2021-04-12,,Q25227,country/ANT,AN,Netherlands Antilles,,,,,,,,,0,,,,,,,,,,,,,,,,,,197041,,,,,,,,,,,,,,,,,,,,,,,,15.0,-66.0,,800,,,,,,,,,,,,,,,,,,,,,,,,,,,,,,,,,,,,,,,,,,,,,,,,,,
AN,2021-04-13,,Q25227,country/ANT,AN,Netherlands Antilles,,,,,,,,,0,,,,,,,,,,,,,,,,,,197041,,,,,,,,,,,,,,,,,,,,,,,,15.0,-66.0,,800,,,,,,,,,,,,,,,,,,,,,,,,,,,,,,,,,,,,,,,,,,,,,,,,,,
AN,2021-04-14,,Q25227,country/ANT,AN,Netherlands Antilles,,,,,,,,,0,,,,,,,,,,,,,,,,,,197041,,,,,,,,,,,,,,,,,,,,,,,,15.0,-66.0,,800,,,,,,,,,,,,,,,,,,,,,,,,,,,,,,,,,,,,,,,,,,,,,,,,,,
AN,2021-04-15,,Q25227,country/ANT,AN,Netherlands Antilles,,,,,,,,,0,,,,,,,,,,,,,,,,,,197041,,,,,,,,,,,,,,,,,,,,,,,,15.0,-66.0,,800,,,,,,,,,,,,,,,,,,,,,,,,,,,,,,,,,,,,,,,,,,,,,,,,,,
AN,2021-04-16,,Q25227,country/ANT,AN,Netherlands Antilles,,,,,,,,,0,,,,,,,,,,,,,,,,,,197041,,,,,,,,,,,,,,,,,,,,,,,,15.0,-66.0,,800,,,,,,,,,,,,,,,,,,,,,,,,,,,,,,,,,,,,,,,,,,,,,,,,,,
AN,2021-04-17,,Q25227,country/ANT,AN,Netherlands Antilles,,,,,,,,,0,,,,,,,,,,,,,,,,,,197041,,,,,,,,,,,,,,,,,,,,,,,,15.0,-66.0,,800,,,,,,,,,,,,,,,,,,,,,,,,,,,,,,,,,,,,,,,,,,,,,,,,,,
AN,2021-04-18,,Q25227,country/ANT,AN,Netherlands Antilles,,,,,,,,,0,,,,,,,,,,,,,,,,,,197041,,,,,,,,,,,,,,,,,,,,,,,,15.0,-66.0,,800,,,,,,,,,,,,,,,,,,,,,,,,,,,,,,,,,,,,,,,,,,,,,,,,,,
AN,2021-04-19,,Q25227,country/ANT,AN,Netherlands Antilles,,,,,,,,,0,,,,,,,,,,,,,,,,,,197041,,,,,,,,,,,,,,,,,,,,,,,,15.0,-66.0,,800,,,,,,,,,,,,,,,,,,,,,,,,,,,,,,,,,,,,,,,,,,,,,,,,,,
AN,2021-04-20,,Q25227,country/ANT,AN,Netherlands Antilles,,,,,,,,,0,,,,,,,,,,,,,,,,,,197041,,,,,,,,,,,,,,,,,,,,,,,,15.0,-66.0,,800,,,,,,,,,,,,,,,,,,,,,,,,,,,,,,,,,,,,,,,,,,,,,,,,,,
AN,2021-04-21,,Q25227,country/ANT,AN,Netherlands Antilles,,,,,,,,,0,,,,,,,,,,,,,,,,,,197041,,,,,,,,,,,,,,,,,,,,,,,,15.0,-66.0,,800,,,,,,,,,,,,,,,,,,,,,,,,,,,,,,,,,,,,,,,,,,,,,,,,,,
AN,2021-04-22,,Q25227,country/ANT,AN,Netherlands Antilles,,,,,,,,,0,,,,,,,,,,,,,,,,,,197041,,,,,,,,,,,,,,,,,,,,,,,,15.0,-66.0,,800,,,,,,,,,,,,,,,,,,,,,,,,,,,,,,,,,,,,,,,,,,,,,,,,,,
AN,2021-04-23,,Q25227,country/ANT,AN,Netherlands Antilles,,,,,,,,,0,,,,,,,,,,,,,,,,,,197041,,,,,,,,,,,,,,,,,,,,,,,,15.0,-66.0,,800,,,,,,,,,,,,,,,,,,,,,,,,,,,,,,,,,,,,,,,,,,,,,,,,,,
AN,2021-04-24,,Q25227,country/ANT,AN,Netherlands Antilles,,,,,,,,,0,,,,,,,,,,,,,,,,,,197041,,,,,,,,,,,,,,,,,,,,,,,,15.0,-66.0,,800,,,,,,,,,,,,,,,,,,,,,,,,,,,,,,,,,,,,,,,,,,,,,,,,,,
AN,2021-04-25,,Q25227,country/ANT,AN,Netherlands Antilles,,,,,,,,,0,,,,,,,,,,,,,,,,,,197041,,,,,,,,,,,,,,,,,,,,,,,,15.0,-66.0,,800,,,,,,,,,,,,,,,,,,,,,,,,,,,,,,,,,,,,,,,,,,,,,,,,,,
AN,2021-04-26,,Q25227,country/ANT,AN,Netherlands Antilles,,,,,,,,,0,,,,,,,,,,,,,,,,,,197041,,,,,,,,,,,,,,,,,,,,,,,,15.0,-66.0,,800,,,,,,,,,,,,,,,,,,,,,,,,,,,,,,,,,,,,,,,,,,,,,,,,,,
AN,2021-04-27,,Q25227,country/ANT,AN,Netherlands Antilles,,,,,,,,,0,,,,,,,,,,,,,,,,,,197041,,,,,,,,,,,,,,,,,,,,,,,,15.0,-66.0,,800,,,,,,,,,,,,,,,,,,,,,,,,,,,,,,,,,,,,,,,,,,,,,,,,,,
AN,2021-04-28,,Q25227,country/ANT,AN,Netherlands Antilles,,,,,,,,,0,,,,,,,,,,,,,,,,,,197041,,,,,,,,,,,,,,,,,,,,,,,,15.0,-66.0,,800,,,,,,,,,,,,,,,,,,,,,,,,,,,,,,,,,,,,,,,,,,,,,,,,,,
AN,2021-04-29,,Q25227,country/ANT,AN,Netherlands Antilles,,,,,,,,,0,,,,,,,,,,,,,,,,,,197041,,,,,,,,,,,,,,,,,,,,,,,,15.0,-66.0,,800,,,,,,,,,,,,,,,,,,,,,,,,,,,,,,,,,,,,,,,,,,,,,,,,,,
AN,2021-04-30,,Q25227,country/ANT,AN,Netherlands Antilles,,,,,,,,,0,,,,,,,,,,,,,,,,,,197041,,,,,,,,,,,,,,,,,,,,,,,,15.0,-66.0,,800,,,,,,,,,,,,,,,,,,,,,,,,,,,,,,,,,,,,,,,,,,,,,,,,,,
AN,2021-05-01,,Q25227,country/ANT,AN,Netherlands Antilles,,,,,,,,,0,,,,,,,,,,,,,,,,,,197041,,,,,,,,,,,,,,,,,,,,,,,,15.0,-66.0,,800,,,,,,,,,,,,,,,,,,,,,,,,,,,,,,,,,,,,,,,,,,,,,,,,,,
AN,2021-05-02,,Q25227,country/ANT,AN,Netherlands Antilles,,,,,,,,,0,,,,,,,,,,,,,,,,,,197041,,,,,,,,,,,,,,,,,,,,,,,,15.0,-66.0,,800,,,,,,,,,,,,,,,,,,,,,,,,,,,,,,,,,,,,,,,,,,,,,,,,,,
AN,2021-05-03,,Q25227,country/ANT,AN,Netherlands Antilles,,,,,,,,,0,,,,,,,,,,,,,,,,,,197041,,,,,,,,,,,,,,,,,,,,,,,,15.0,-66.0,,800,,,,,,,,,,,,,,,,,,,,,,,,,,,,,,,,,,,,,,,,,,,,,,,,,,
AN,2021-05-04,,Q25227,country/ANT,AN,Netherlands Antilles,,,,,,,,,0,,,,,,,,,,,,,,,,,,197041,,,,,,,,,,,,,,,,,,,,,,,,15.0,-66.0,,800,,,,,,,,,,,,,,,,,,,,,,,,,,,,,,,,,,,,,,,,,,,,,,,,,,
AN,2021-05-05,,Q25227,country/ANT,AN,Netherlands Antilles,,,,,,,,,0,,,,,,,,,,,,,,,,,,197041,,,,,,,,,,,,,,,,,,,,,,,,15.0,-66.0,,800,,,,,,,,,,,,,,,,,,,,,,,,,,,,,,,,,,,,,,,,,,,,,,,,,,
AN,2021-05-06,,Q25227,country/ANT,AN,Netherlands Antilles,,,,,,,,,0,,,,,,,,,,,,,,,,,,197041,,,,,,,,,,,,,,,,,,,,,,,,15.0,-66.0,,800,,,,,,,,,,,,,,,,,,,,,,,,,,,,,,,,,,,,,,,,,,,,,,,,,,
AN,2021-05-07,,Q25227,country/ANT,AN,Netherlands Antilles,,,,,,,,,0,,,,,,,,,,,,,,,,,,197041,,,,,,,,,,,,,,,,,,,,,,,,15.0,-66.0,,800,,,,,,,,,,,,,,,,,,,,,,,,,,,,,,,,,,,,,,,,,,,,,,,,,,
AN,2021-05-08,,Q25227,country/ANT,AN,Netherlands Antilles,,,,,,,,,0,,,,,,,,,,,,,,,,,,197041,,,,,,,,,,,,,,,,,,,,,,,,15.0,-66.0,,800,,,,,,,,,,,,,,,,,,,,,,,,,,,,,,,,,,,,,,,,,,,,,,,,,,
AN,2021-05-09,,Q25227,country/ANT,AN,Netherlands Antilles,,,,,,,,,0,,,,,,,,,,,,,,,,,,197041,,,,,,,,,,,,,,,,,,,,,,,,15.0,-66.0,,800,,,,,,,,,,,,,,,,,,,,,,,,,,,,,,,,,,,,,,,,,,,,,,,,,,
AN,2021-05-10,,Q25227,country/ANT,AN,Netherlands Antilles,,,,,,,,,0,,,,,,,,,,,,,,,,,,197041,,,,,,,,,,,,,,,,,,,,,,,,15.0,-66.0,,800,,,,,,,,,,,,,,,,,,,,,,,,,,,,,,,,,,,,,,,,,,,,,,,,,,
AN,2021-05-11,,Q25227,country/ANT,AN,Netherlands Antilles,,,,,,,,,0,,,,,,,,,,,,,,,,,,197041,,,,,,,,,,,,,,,,,,,,,,,,15.0,-66.0,,800,,,,,,,,,,,,,,,,,,,,,,,,,,,,,,,,,,,,,,,,,,,,,,,,,,
AN,2021-05-12,,Q25227,country/ANT,AN,Netherlands Antilles,,,,,,,,,0,,,,,,,,,,,,,,,,,,197041,,,,,,,,,,,,,,,,,,,,,,,,15.0,-66.0,,800,,,,,,,,,,,,,,,,,,,,,,,,,,,,,,,,,,,,,,,,,,,,,,,,,,
AN,2021-05-13,,Q25227,country/ANT,AN,Netherlands Antilles,,,,,,,,,0,,,,,,,,,,,,,,,,,,197041,,,,,,,,,,,,,,,,,,,,,,,,15.0,-66.0,,800,,,,,,,,,,,,,,,,,,,,,,,,,,,,,,,,,,,,,,,,,,,,,,,,,,
AN,2021-05-14,,Q25227,country/ANT,AN,Netherlands Antilles,,,,,,,,,0,,,,,,,,,,,,,,,,,,197041,,,,,,,,,,,,,,,,,,,,,,,,15.0,-66.0,,800,,,,,,,,,,,,,,,,,,,,,,,,,,,,,,,,,,,,,,,,,,,,,,,,,,
AN,2021-05-15,,Q25227,country/ANT,AN,Netherlands Antilles,,,,,,,,,0,,,,,,,,,,,,,,,,,,197041,,,,,,,,,,,,,,,,,,,,,,,,15.0,-66.0,,800,,,,,,,,,,,,,,,,,,,,,,,,,,,,,,,,,,,,,,,,,,,,,,,,,,
